{
  "640": {
    "case_num": "640 - Thermostat Setback",
    "applicable": true
  },
  "Envelope Reporting": {
    "annual_heating": 2.6833333333333336,
    "annual_cooling": 6.455555555555556,
    "peak_heating_value": 6.27679460535844,
    "peak_heating_time": "04-JAN-07:15",
    "peak_cooling_value": 6.501150962500525,
    "peak_cooling_time": "17-OCT-13:00",
    "sens_htg_clg_0104": "[\"January 4January 4\", \"HeatingCooling\", 1.43, 2.11, 2.45, 2.62, 2.7, 2.74, 2.77, 6.28, 3.05, 1.0, -0.02, -1.66, -3.23, -3.57, -2.94, -1.47, -0.02, 0.43, 1.83, 2.57, 2.97, 3.19, 3.24, 0.16]",
    "temp_0104": "[\"January 4\", 10.0, 10.0, 10.0, 10.0, 10.0, 10.0, 10.0, 20.0, 20.0, 20.0, 23.5, 27.0, 27.0, 27.0, 27.0, 27.0, 25.2, 20.4, 20.0, 20.0, 20.0, 20.0, 20.0, 11.8]",
    "temp_0727": "[\"July 27\", 25.8, 24.9, 24.1, 23.4, 22.6, 22.4, 23.3, 25.5, 27.0, 27.0, 27.0, 27.0, 27.0, 27.0, 27.0, 27.0, 27.0, 27.0, 27.0, 27.0, 27.0, 27.0, 27.0, 26.6]",
    "temp_bins": "[0, 0, 0, 0, 0, 0, 0, 0, 0, 0, 0, 0, 0, 0, 0, 0, 0, 0, 0, 0, 0, 0, 0, 0, 0, 0, 0, 0, 0, 22, 945, 162, 137, 141, 145, 158, 156, 152, 139, 340, 1555, 311, 340, 315, 322, 332, 2100, 988, 0, 0, 0, 0, 0, 0, 0, 0, 0, 0, 0, 0, 0, 0, 0, 0, 0, 0, 0, 0, 0, 0, 0, 0, 0, 0, 0, 0, 0, 0, 0, 0, 0, 0, 0, 0, 0, 0, 0, 0, 0, 0, 0]",
    "min_temp": 9.999999999999858,
    "min_index_position": 8406,
    "max_temp": 27.000000000000544,
    "max_index_position": 5964,
    "avg_temp": 21.340179409016674,
    "applicable": true
  }
}