{
  "640": {
    "case_num": "640 - Thermostat Setback",
    "applicable": true
  },
  "Envelope Reporting": {
    "annual_heating": 2.686111111111111,
    "annual_cooling": 6.46111111111111,
    "peak_heating_value": 6.286894741270914,
    "peak_heating_time": "04-JAN-07:15",
    "peak_cooling_value": 6.505575725466559,
    "peak_cooling_time": "17-OCT-13:00",
    "sens_htg_clg_0104": "[\"January 4January 4\", \"HeatingCooling\", 1.43, 2.12, 2.45, 2.62, 2.71, 2.75, 2.77, 6.29, 3.05, 1.0, -0.02, -1.67, -3.24, -3.57, -2.95, -1.47, -0.02, 0.43, 1.83, 2.57, 2.98, 3.19, 3.25, 0.16]",
    "temp_0104": "[\"January 4\", 10.0, 10.0, 10.0, 10.0, 10.0, 10.0, 10.0, 20.0, 20.0, 20.0, 23.6, 27.0, 27.0, 27.0, 27.0, 27.0, 25.2, 20.4, 20.0, 20.0, 20.0, 20.0, 20.0, 11.8]",
    "temp_0727": "[\"July 27\", 25.8, 24.9, 24.1, 23.4, 22.6, 22.4, 23.3, 25.5, 27.0, 27.0, 27.0, 27.0, 27.0, 27.0, 27.0, 27.0, 27.0, 27.0, 27.0, 27.0, 27.0, 27.0, 27.0, 26.6]",
    "temp_bins": "[0, 0, 0, 0, 0, 0, 0, 0, 0, 0, 0, 0, 0, 0, 0, 0, 0, 0, 0, 0, 0, 0, 0, 0, 0, 0, 0, 0, 0, 36, 930, 164, 136, 141, 144, 156, 159, 151, 140, 364, 1531, 311, 339, 316, 322, 332, 2110, 978, 0, 0, 0, 0, 0, 0, 0, 0, 0, 0, 0, 0, 0, 0, 0, 0, 0, 0, 0, 0, 0, 0, 0, 0, 0, 0, 0, 0, 0, 0, 0, 0, 0, 0, 0, 0, 0, 0, 0, 0, 0, 0, 0]",
    "min_temp": 9.999999999999877,
    "min_index_position": 51,
    "max_temp": 27.000000000000462,
    "max_index_position": 7117,
    "avg_temp": 21.340735967096208,
    "applicable": true
  }
}