{
  "640": {
    "case_num": "640 - Thermostat Setback",
    "applicable": true
  },
  "Envelope Reporting": {
    "annual_heating": 2.686111111111111,
    "annual_cooling": 6.46111111111111,
    "peak_heating_value": 6.286894741270914,
    "peak_heating_time": "04-JAN-07:15",
    "peak_cooling_value": 6.505575725466559,
    "peak_cooling_time": "17-OCT-13:00",
    "sens_htg_clg_0104": "[\"January 4January 4\", \"HeatingCooling\", 0.0, 0.0, 0.0, 0.0, 0.0, 0.0, 0.0, 0.0, 0.0, 0.0, 0.0, 0.0, 0.0, 0.0, 0.0, 0.0, 0.0, 0.0, 0.0, 0.0, 0.0, 0.0, 0.0, 0.0]",
    "temp_0104": "[\"January 4\", 0.0, 0.0, 0.0, 0.0, 0.0, 0.0, 0.0, 0.0, 0.0, 0.0, 0.0, 0.0, 0.0, 0.0, 0.0, 0.0, 0.0, 0.0, 0.0, 0.0, 0.0, 0.0, 0.0, 0.0]",
    "temp_0727": "[\"July 27\", 0.0, 0.0, 0.0, 0.0, 0.0, 0.0, 0.0, 0.0, 0.0, 0.0, 0.0, 0.0, 0.0, 0.0, 0.0, 0.0, 0.0, 0.0, 0.0, 0.0, 0.0, 0.0, 0.0, 0.0]",
    "temp_bins": "[0, 0, 0, 0, 0, 0, 0, 0, 0, 0, 0, 0, 0, 0, 0, 0, 0, 0, 0, 0, 0, 0, 0, 0, 0, 0, 0, 0, 0, 36, 930, 164, 136, 141, 144, 156, 159, 151, 140, 364, 1531, 311, 339, 316, 322, 332, 2110, 978, 0, 0, 0, 0, 0, 0, 0, 0, 0, 0, 0, 0, 0, 0, 0, 0, 0, 0, 0, 0, 0, 0, 0, 0, 0, 0, 0, 0, 0, 0, 0, 0, 0, 0, 0, 0, 0, 0, 0, 0, 0, 0, 0]",
    "min_temp": 9.999999999999877,
    "min_index_position": 51,
    "max_temp": 27.000000000000462,
    "max_index_position": 7117,
    "avg_temp": 21.340735967096208,
    "applicable": true
  }
}