{
  "640": {
    "case_num": "640 - Thermostat Setback",
    "applicable": true
  },
  "Envelope Reporting": {
    "annual_heating": 2.686111111111111,
    "annual_cooling": 6.466666666666667,
    "peak_heating_value": 6.286927179692253,
    "peak_heating_time": "04-JAN-07:15",
    "peak_cooling_value": 6.5060890363641,
    "peak_cooling_time": "17-OCT-13:00",
    "sens_htg_clg_0104": "[\"January 4January 4\", \"HeatingCooling\", 1.43, 2.12, 2.45, 2.62, 2.71, 2.75, 2.77, 6.29, 3.05, 1.0, -0.02, -1.67, -3.24, -3.57, -2.95, -1.47, -0.02, 0.43, 1.83, 2.57, 2.98, 3.19, 3.25, 0.16]",
    "temp_0104": "[\"January 4\", 10.0, 10.0, 10.0, 10.0, 10.0, 10.0, 10.0, 20.0, 20.0, 20.0, 23.6, 27.0, 27.0, 27.0, 27.0, 27.0, 25.2, 20.5, 20.0, 20.0, 20.0, 20.0, 20.0, 11.8]",
    "temp_0727": "[\"July 27\", 25.8, 24.9, 24.1, 23.4, 22.6, 22.4, 23.3, 25.5, 27.0, 27.0, 27.0, 27.0, 27.0, 27.0, 27.0, 27.0, 27.0, 27.0, 27.0, 27.0, 27.0, 27.0, 27.0, 26.6]",
    "temp_bins": "[0, 0, 0, 0, 0, 0, 0, 0, 0, 0, 0, 0, 0, 0, 0, 0, 0, 0, 0, 0, 0, 0, 0, 0, 0, 0, 0, 0, 0, 13, 953, 162, 138, 141, 144, 156, 159, 150, 141, 181, 1712, 313, 339, 315, 322, 333, 1884, 1204, 0, 0, 0, 0, 0, 0, 0, 0, 0, 0, 0, 0, 0, 0, 0, 0, 0, 0, 0, 0, 0, 0, 0, 0, 0, 0, 0, 0, 0, 0, 0, 0, 0, 0, 0, 0, 0, 0, 0, 0, 0, 0, 0]",
    "min_temp": 9.999999999999998,
    "min_index_position": 196,
    "max_temp": 27.000000000000007,
    "max_index_position": 8341,
    "avg_temp": 21.341549572563068,
    "applicable": true
  }
}