{
  "250": {
    "case_num": "250 - Exterior Shortwave Absorptance",
    "applicable": true
  },
  "Envelope Reporting": {
    "annual_heating": 5.191666666666666,
    "annual_cooling": 3.175,
    "peak_heating_value": 3.246346732752019,
    "peak_heating_time": "04-JAN-05:15",
    "peak_cooling_value": 3.039712714520924,
    "peak_cooling_time": "05-SEP-12:45",
    "sens_htg_clg_0104": "[\"January 4January 4\", \"HeatingCooling\", 3.07, 3.16, 3.21, 3.22, 3.25, 3.25, 3.24, 3.08, 2.25, 1.5, 0.71, 0.26, 0.19, 0.15, 0.27, 0.58, 1.47, 2.26, 2.63, 2.79, 2.88, 2.93, 2.92, 2.88]",
    "temp_0104": "[\"January 4\", 20.0, 20.0, 20.0, 20.0, 20.0, 20.0, 20.0, 20.0, 20.0, 20.0, 20.0, 20.0, 20.0, 20.0, 20.0, 20.0, 20.0, 20.0, 20.0, 20.0, 20.0, 20.0, 20.0, 20.0]",
    "temp_0727": "[\"July 27\", 20.0, 20.0, 20.0, 20.0, 20.0, 20.0, 20.0, 20.0, 20.0, 20.0, 20.0, 20.0, 20.0, 20.0, 20.0, 20.0, 20.0, 20.0, 20.0, 20.0, 20.0, 20.0, 20.0, 20.0]",
    "temp_bins": "[0, 0, 0, 0, 0, 0, 0, 0, 0, 0, 0, 0, 0, 0, 0, 0, 0, 0, 0, 0, 0, 0, 0, 0, 0, 0, 0, 0, 0, 0, 0, 0, 0, 0, 0, 0, 0, 0, 0, 1329, 7431, 0, 0, 0, 0, 0, 0, 0, 0, 0, 0, 0, 0, 0, 0, 0, 0, 0, 0, 0, 0, 0, 0, 0, 0, 0, 0, 0, 0, 0, 0, 0, 0, 0, 0, 0, 0, 0, 0, 0, 0, 0, 0, 0, 0, 0, 0, 0, 0, 0, 0]",
    "min_temp": 19.99999999999971,
    "min_index_position": 1346,
    "max_temp": 20.0000000000005,
    "max_index_position": 79,
    "avg_temp": 20.0,
    "applicable": true
  }
}