{
  "250": {
    "case_num": "250 - Exterior Shortwave Absorptance",
    "applicable": true
  },
  "Envelope Reporting": {
    "annual_heating": 5.186111111111111,
    "annual_cooling": 3.172222222222222,
    "peak_heating_value": 3.242976739602397,
    "peak_heating_time": "04-JAN-05:15",
    "peak_cooling_value": 3.038385617524633,
    "peak_cooling_time": "05-SEP-12:45",
    "sens_htg_clg_0104": "[\"January 4January 4\", \"HeatingCooling\", 3.07, 3.16, 3.21, 3.22, 3.24, 3.24, 3.24, 3.07, 2.25, 1.5, 0.71, 0.26, 0.19, 0.15, 0.27, 0.57, 1.46, 2.25, 2.63, 2.79, 2.87, 2.93, 2.92, 2.88]",
    "temp_0104": "[\"January 4\", 20.0, 20.0, 20.0, 20.0, 20.0, 20.0, 20.0, 20.0, 20.0, 20.0, 20.0, 20.0, 20.0, 20.0, 20.0, 20.0, 20.0, 20.0, 20.0, 20.0, 20.0, 20.0, 20.0, 20.0]",
    "temp_0727": "[\"July 27\", 20.0, 20.0, 20.0, 20.0, 20.0, 20.0, 20.0, 20.0, 20.0, 20.0, 20.0, 20.0, 20.0, 20.0, 20.0, 20.0, 20.0, 20.0, 20.0, 20.0, 20.0, 20.0, 20.0, 20.0]",
    "temp_bins": "[0, 0, 0, 0, 0, 0, 0, 0, 0, 0, 0, 0, 0, 0, 0, 0, 0, 0, 0, 0, 0, 0, 0, 0, 0, 0, 0, 0, 0, 0, 0, 0, 0, 0, 0, 0, 0, 0, 0, 1378, 7382, 0, 0, 0, 0, 0, 0, 0, 0, 0, 0, 0, 0, 0, 0, 0, 0, 0, 0, 0, 0, 0, 0, 0, 0, 0, 0, 0, 0, 0, 0, 0, 0, 0, 0, 0, 0, 0, 0, 0, 0, 0, 0, 0, 0, 0, 0, 0, 0, 0, 0]",
    "min_temp": 19.99999999999975,
    "min_index_position": 1196,
    "max_temp": 20.000000000000373,
    "max_index_position": 847,
    "avg_temp": 20.0,
    "applicable": true
  }
}