{
  "250": {
    "case_num": "250 - Exterior Shortwave Absorptance",
    "applicable": true
  },
  "Envelope Reporting": {
    "sens_htg_clg_0104": "[\"January 4January 4\", \"HeatingCooling\", 3.07, 3.16, 3.21, 3.22, 3.25, 3.25, 3.24, 3.08, 2.25, 1.5, 0.71, 0.26, 0.19, 0.15, 0.27, 0.58, 1.47, 2.25, 2.63, 2.79, 2.88, 2.93, 2.92, 2.88]",
    "temp_0104": "[\"January 4\", 20.0, 20.0, 20.0, 20.0, 20.0, 20.0, 20.0, 20.0, 20.0, 20.0, 20.0, 20.0, 20.0, 20.0, 20.0, 20.0, 20.0, 20.0, 20.0, 20.0, 20.0, 20.0, 20.0, 20.0]",
    "temp_0727": "[\"July 27\", 20.0, 20.0, 20.0, 20.0, 20.0, 20.0, 20.0, 20.0, 20.0, 20.0, 20.0, 20.0, 20.0, 20.0, 20.0, 20.0, 20.0, 20.0, 20.0, 20.0, 20.0, 20.0, 20.0, 20.0]",
    "temp_bins": "[0, 0, 0, 0, 0, 0, 0, 0, 0, 0, 0, 0, 0, 0, 0, 0, 0, 0, 0, 0, 0, 0, 0, 0, 0, 0, 0, 0, 0, 0, 0, 0, 0, 0, 0, 0, 0, 0, 0, 417, 8343, 0, 0, 0, 0, 0, 0, 0, 0, 0, 0, 0, 0, 0, 0, 0, 0, 0, 0, 0, 0, 0, 0, 0, 0, 0, 0, 0, 0, 0, 0, 0, 0, 0, 0, 0, 0, 0, 0, 0, 0, 0, 0, 0, 0, 0, 0, 0, 0, 0, 0]",
    "min_temp": 19.999999999999993,
    "min_index_position": 114,
    "max_temp": 20.000000000000007,
    "max_index_position": 8167,
    "avg_temp": 20.0,
    "annual_heating": 5.188888888888889,
    "annual_cooling": 3.1888888888888887,
    "peak_heating_value": 3.246356933249155,
    "peak_heating_time": "04-JAN-05:15",
    "peak_cooling_value": 3.039795386675729,
    "peak_cooling_time": "05-SEP-12:45",
    "applicable": true
  }
}