{
  "240": {
    "case_num": "240 - Internal Gains",
    "applicable": true
  },
  "Envelope Reporting": {
    "annual_heating": 5.872222222222222,
    "annual_cooling": 0.7055555555555555,
    "peak_heating_value": 3.0627974572236267,
    "peak_heating_time": "04-JAN-05:15",
    "peak_cooling_value": 1.0928048929492191,
    "peak_cooling_time": "27-JUL-15:00",
    "sens_htg_clg_0104": "[\"January 4January 4\", \"HeatingCooling\", 2.89, 2.98, 3.03, 3.04, 3.06, 3.06, 3.06, 3.02, 2.89, 2.74, 2.51, 2.31, 2.22, 2.11, 2.02, 2.07, 2.27, 2.48, 2.64, 2.71, 2.74, 2.78, 2.75, 2.7]",
    "temp_0104": "[\"January 4\", 20.0, 20.0, 20.0, 20.0, 20.0, 20.0, 20.0, 20.0, 20.0, 20.0, 20.0, 20.0, 20.0, 20.0, 20.0, 20.0, 20.0, 20.0, 20.0, 20.0, 20.0, 20.0, 20.0, 20.0]",
    "temp_0727": "[\"July 27\", 20.0, 20.0, 20.0, 20.0, 20.0, 20.0, 20.0, 20.0, 20.0, 20.0, 20.0, 20.0, 20.0, 20.0, 20.0, 20.0, 20.0, 20.0, 20.0, 20.0, 20.0, 20.0, 20.0, 20.0]",
    "temp_bins": "[0, 0, 0, 0, 0, 0, 0, 0, 0, 0, 0, 0, 0, 0, 0, 0, 0, 0, 0, 0, 0, 0, 0, 0, 0, 0, 0, 0, 0, 0, 0, 0, 0, 0, 0, 0, 0, 0, 0, 1354, 7406, 0, 0, 0, 0, 0, 0, 0, 0, 0, 0, 0, 0, 0, 0, 0, 0, 0, 0, 0, 0, 0, 0, 0, 0, 0, 0, 0, 0, 0, 0, 0, 0, 0, 0, 0, 0, 0, 0, 0, 0, 0, 0, 0, 0, 0, 0, 0, 0, 0, 0]",
    "min_temp": 19.999999999999677,
    "min_index_position": 740,
    "max_temp": 20.00000000000042,
    "max_index_position": 77,
    "avg_temp": 20.000000000000004,
    "applicable": true
  }
}