{
  "240": {
    "case_num": "240 - Internal Gains",
    "applicable": true
  },
  "Envelope Reporting": {
    "annual_heating": 5.866666666666667,
    "annual_cooling": 0.7055555555555555,
    "peak_heating_value": 3.059487303577646,
    "peak_heating_time": "04-JAN-05:15",
    "peak_cooling_value": 1.0923849021250542,
    "peak_cooling_time": "27-JUL-15:00",
    "sens_htg_clg_0104": "[\"January 4January 4\", \"HeatingCooling\", 2.89, 2.98, 3.03, 3.03, 3.06, 3.06, 3.05, 3.02, 2.89, 2.74, 2.51, 2.31, 2.22, 2.11, 2.02, 2.07, 2.27, 2.47, 2.64, 2.7, 2.74, 2.77, 2.75, 2.7]",
    "temp_0104": "[\"January 4\", 20.0, 20.0, 20.0, 20.0, 20.0, 20.0, 20.0, 20.0, 20.0, 20.0, 20.0, 20.0, 20.0, 20.0, 20.0, 20.0, 20.0, 20.0, 20.0, 20.0, 20.0, 20.0, 20.0, 20.0]",
    "temp_0727": "[\"July 27\", 20.0, 20.0, 20.0, 20.0, 20.0, 20.0, 20.0, 20.0, 20.0, 20.0, 20.0, 20.0, 20.0, 20.0, 20.0, 20.0, 20.0, 20.0, 20.0, 20.0, 20.0, 20.0, 20.0, 20.0]",
    "temp_bins": "[0, 0, 0, 0, 0, 0, 0, 0, 0, 0, 0, 0, 0, 0, 0, 0, 0, 0, 0, 0, 0, 0, 0, 0, 0, 0, 0, 0, 0, 0, 0, 0, 0, 0, 0, 0, 0, 0, 0, 1295, 7465, 0, 0, 0, 0, 0, 0, 0, 0, 0, 0, 0, 0, 0, 0, 0, 0, 0, 0, 0, 0, 0, 0, 0, 0, 0, 0, 0, 0, 0, 0, 0, 0, 0, 0, 0, 0, 0, 0, 0, 0, 0, 0, 0, 0, 0, 0, 0, 0, 0, 0]",
    "min_temp": 19.999999999999716,
    "min_index_position": 195,
    "max_temp": 20.00000000000037,
    "max_index_position": 57,
    "avg_temp": 20.000000000000004,
    "applicable": true
  }
}