{
  "320": {
    "case_num": "320 - Thermostat",
    "applicable": true
  },
  "Envelope Reporting": {
    "annual_heating": 3.763888888888889,
    "annual_cooling": 5.811111111111111,
    "peak_heating_value": 3.0244769759112637,
    "peak_heating_time": "04-JAN-05:00",
    "peak_cooling_value": 6.180383361590549,
    "peak_cooling_time": "25-NOV-12:45",
    "sens_htg_clg_0104": "[\"January 4January 4\", \"HeatingCooling\", 2.86, 2.95, 2.99, 3.01, 3.02, 3.02, 3.02, 2.72, 1.46, 0.24, -0.38, -2.54, -3.85, -4.05, -3.41, -1.98, -0.22, 0.03, 1.03, 1.87, 2.3, 2.53, 2.61, 2.64]",
    "temp_0104": "[\"January 4\", 20.0, 20.0, 20.0, 20.0, 20.0, 20.0, 20.0, 20.0, 20.0, 20.5, 25.5, 27.0, 27.0, 27.0, 27.0, 27.0, 26.4, 21.9, 20.0, 20.0, 20.0, 20.0, 20.0, 20.0]",
    "temp_0727": "[\"July 27\", 25.2, 24.3, 23.4, 22.6, 21.8, 21.3, 21.7, 23.2, 25.4, 27.0, 27.0, 27.0, 27.0, 27.0, 27.0, 27.0, 27.0, 27.0, 27.0, 27.0, 27.0, 26.9, 26.5, 25.9]",
    "temp_bins": "[0, 0, 0, 0, 0, 0, 0, 0, 0, 0, 0, 0, 0, 0, 0, 0, 0, 0, 0, 0, 0, 0, 0, 0, 0, 0, 0, 0, 0, 0, 0, 0, 0, 0, 0, 0, 0, 0, 0, 503, 3504, 409, 342, 323, 284, 338, 2082, 975, 0, 0, 0, 0, 0, 0, 0, 0, 0, 0, 0, 0, 0, 0, 0, 0, 0, 0, 0, 0, 0, 0, 0, 0, 0, 0, 0, 0, 0, 0, 0, 0, 0, 0, 0, 0, 0, 0, 0, 0, 0, 0, 0]",
    "min_temp": 19.999999999999684,
    "min_index_position": 7322,
    "max_temp": 27.000000000000544,
    "max_index_position": 7189,
    "avg_temp": 23.099242001974186,
    "applicable": true
  }
}