{
  "320": {
    "case_num": "320 - Thermostat",
    "applicable": true
  },
  "Envelope Reporting": {
    "annual_heating": 3.7583333333333333,
    "annual_cooling": 5.808333333333333,
    "peak_heating_value": 3.0226702307841964,
    "peak_heating_time": "04-JAN-05:00",
    "peak_cooling_value": 6.175326719339526,
    "peak_cooling_time": "25-NOV-12:45",
    "sens_htg_clg_0104": "[\"January 4January 4\", \"HeatingCooling\", 2.86, 2.95, 2.99, 3.01, 3.02, 3.02, 3.02, 2.72, 1.46, 0.24, -0.37, -2.53, -3.84, -4.04, -3.41, -1.98, -0.22, 0.03, 1.02, 1.86, 2.3, 2.53, 2.61, 2.64]",
    "temp_0104": "[\"January 4\", 20.0, 20.0, 20.0, 20.0, 20.0, 20.0, 20.0, 20.0, 20.0, 20.5, 25.5, 27.0, 27.0, 27.0, 27.0, 27.0, 26.4, 21.9, 20.0, 20.0, 20.0, 20.0, 20.0, 20.0]",
    "temp_0727": "[\"July 27\", 25.2, 24.3, 23.4, 22.6, 21.8, 21.3, 21.7, 23.2, 25.4, 27.0, 27.0, 27.0, 27.0, 27.0, 27.0, 27.0, 27.0, 27.0, 27.0, 27.0, 27.0, 26.9, 26.5, 25.9]",
    "temp_bins": "[0, 0, 0, 0, 0, 0, 0, 0, 0, 0, 0, 0, 0, 0, 0, 0, 0, 0, 0, 0, 0, 0, 0, 0, 0, 0, 0, 0, 0, 0, 0, 0, 0, 0, 0, 0, 0, 0, 0, 480, 3526, 410, 342, 323, 284, 338, 2071, 986, 0, 0, 0, 0, 0, 0, 0, 0, 0, 0, 0, 0, 0, 0, 0, 0, 0, 0, 0, 0, 0, 0, 0, 0, 0, 0, 0, 0, 0, 0, 0, 0, 0, 0, 0, 0, 0, 0, 0, 0, 0, 0, 0]",
    "min_temp": 19.99999999999968,
    "min_index_position": 8205,
    "max_temp": 27.000000000000522,
    "max_index_position": 229,
    "avg_temp": 23.09942180661105,
    "applicable": true
  }
}