{
  "CE165": {
    "case_num": "CE165 - Variatino fo Thermostat Setpoint and Outdoor Dry-Bulb Temperature at High Sensible Heat Ratio",
    "applicable": true
  },
  "Cooling Reporting": {
    "clg_energy_consumption_total": 1491.4396295403246,
    "clg_energy_consumption_compressor": 1342.8434207528962,
    "clg_energy_consumption_supply_fan": 148.59620878742717,
    "clg_energy_consumption_condenser_fan": "tbd",
    "evaporator_coil_load_total": 4527.7911579894835,
    "evaporator_coil_load_sensible": 3788.5900297968556,
    "evaporator_coil_load_latent": 739.2011281926273,
    "zone_load_total": 4379.194949202052,
    "zone_load_sensible": 3645.8986756462073,
    "zone_load_latent": 733.2962735558439,
    "feb_mean_cop": 2.936220053742142,
    "feb_max_cop": 2.940576059642938,
    "feb_min_cop": 2.9306738689319305,
    "feb_mean_idb": 23.285920777723796,
    "feb_max_idb": 23.28666201650268,
    "feb_min_idb": 23.28239522158428,
    "feb_mean_humidity_ratio": 0.009369711870360098,
    "feb_max_humidity_ratio": 0.009393325874861722,
    "feb_min_humidity_ratio": 0.00928821641944675,
    "applicable": true
  }
}