{
  "CE165": {
    "case_num": "CE165 - Variatino fo Thermostat Setpoint and Outdoor Dry-Bulb Temperature at High Sensible Heat Ratio",
    "applicable": true
  },
  "Cooling Reporting": {
    "clg_energy_consumption_total": 1491.4396295403246,
    "clg_energy_consumption_compressor": 1342.8434207528967,
    "clg_energy_consumption_supply_fan": 148.5962087874272,
    "clg_energy_consumption_condenser_fan": "tbd",
    "evaporator_coil_load_total": 4527.791157989483,
    "evaporator_coil_load_sensible": 3788.5900297968574,
    "evaporator_coil_load_latent": 739.2011281926266,
    "zone_load_total": 4379.1949492020585,
    "zone_load_sensible": 3645.8986756462173,
    "zone_load_latent": 733.296273555844,
    "feb_mean_cop": 2.936220053742146,
    "feb_max_cop": 2.940576059642935,
    "feb_min_cop": 2.930673868931932,
    "feb_mean_idb": 23.285920777723824,
    "feb_max_idb": 23.286662016502923,
    "feb_min_idb": 23.28239522158406,
    "feb_mean_humidity_ratio": 0.009369711870360103,
    "feb_max_humidity_ratio": 0.009393325874861837,
    "feb_min_humidity_ratio": 0.00928821641944675,
    "applicable": true
  }
}