{
  "CE165": {
    "case_num": "CE165 - Variatino fo Thermostat Setpoint and Outdoor Dry-Bulb Temperature at High Sensible Heat Ratio",
    "applicable": true
  },
  "Cooling Reporting": {
    "clg_energy_consumption_total": 1491.439679662898,
    "clg_energy_consumption_compressor": 1342.843460278123,
    "clg_energy_consumption_supply_fan": 148.59621938477449,
    "clg_energy_consumption_condenser_fan": "tbd",
    "evaporator_coil_load_total": 4527.790803144013,
    "evaporator_coil_load_sensible": 3788.5896743662947,
    "evaporator_coil_load_latent": 739.2011287777211,
    "zone_load_total": 4379.194583759238,
    "zone_load_sensible": 3645.8983085530817,
    "zone_load_latent": 733.2962752061602,
    "feb_mean_cop": 2.9362197100381855,
    "feb_max_cop": 2.9405754955774484,
    "feb_min_cop": 2.9306737383798818,
    "feb_mean_idb": 23.28591349312965,
    "feb_max_idb": 23.28665468239839,
    "feb_min_idb": 23.282384281506843,
    "feb_mean_humidity_ratio": 0.009369708858133227,
    "feb_max_humidity_ratio": 0.00939332382684418,
    "feb_min_humidity_ratio": 0.009288213657051451,
    "applicable": true
  }
}