{
  "CE165": {
    "case_num": "CE165 - Variatino fo Thermostat Setpoint and Outdoor Dry-Bulb Temperature at High Sensible Heat Ratio",
    "applicable": true
  },
  "Cooling Reporting": {
    "clg_energy_consumption_total": 1491.1111255152284,
    "clg_energy_consumption_compressor": 1342.5601909009927,
    "clg_energy_consumption_supply_fan": 148.55093461423766,
    "clg_energy_consumption_condenser_fan": "tbd",
    "evaporator_coil_load_total": 4527.74372771249,
    "evaporator_coil_load_sensible": 3788.54259310923,
    "evaporator_coil_load_latent": 739.2011346032575,
    "zone_load_total": 4379.192793098244,
    "zone_load_sensible": 3645.8988433473096,
    "zone_load_latent": 733.293949750937,
    "feb_mean_cop": 2.9368654811592845,
    "feb_max_cop": 2.941219673483572,
    "feb_min_cop": 2.931325644097241,
    "feb_mean_idb": 23.28595371034966,
    "feb_max_idb": 23.286694273378444,
    "feb_min_idb": 23.282351639912502,
    "feb_mean_humidity_ratio": 0.009367542142834844,
    "feb_max_humidity_ratio": 0.009391144977101553,
    "feb_min_humidity_ratio": 0.009286054110271046,
    "applicable": true
  }
}