{
  "CE165": {
    "case_num": "CE165 - Variatino fo Thermostat Setpoint and Outdoor Dry-Bulb Temperature at High Sensible Heat Ratio",
    "applicable": true
  },
  "Cooling Reporting": {
    "clg_energy_consumption_total": 1491.9007417541075,
    "clg_energy_consumption_compressor": 1343.2407999910445,
    "clg_energy_consumption_supply_fan": 148.65994176306327,
    "clg_energy_consumption_condenser_fan": "tbd",
    "evaporator_coil_load_total": 4527.840558367332,
    "evaporator_coil_load_sensible": 3788.6394354660683,
    "evaporator_coil_load_latent": 739.2011229012628,
    "zone_load_total": 4379.180616604271,
    "zone_load_sensible": 3645.881454189711,
    "zone_load_latent": 733.2991624145566,
    "feb_mean_cop": 2.9353029287025043,
    "feb_max_cop": 2.9396281079404836,
    "feb_min_cop": 2.9296765669018954,
    "feb_mean_idb": 23.30587282290373,
    "feb_max_idb": 23.307910039948954,
    "feb_min_idb": 23.305443319467813,
    "feb_mean_humidity_ratio": 0.009326457980224521,
    "feb_max_humidity_ratio": 0.009351141241181775,
    "feb_min_humidity_ratio": 0.009245270697511911,
    "applicable": true
  }
}