{
  "600": {
    "case_num": "600 - Base Case",
    "applicable": true
  },
  "Envelope Reporting": {
    "annual_heating": 4.3805555555555555,
    "annual_cooling": 6.747222222222222,
    "peak_heating_value": 3.7518327672568743,
    "peak_heating_time": "04-JAN-05:00",
    "peak_cooling_value": 6.569615664790663,
    "peak_cooling_time": "17-OCT-13:00",
    "surf_out_inst_slr_rad_0305_zone_surface_west": "[\"March 5\", \"ZONE SURFACE WEST\", 0.0, 0.0, 0.0, 0.0, 0.0, 0.0, 0.0, 0.0, 0.0, 0.0, 0.0, 0.0, 0.0, 0.0, 0.0, 0.0, 0.0, 0.0, 0.0, 0.0, 0.0, 0.0, 0.0, 0.0]",
    "surf_out_inst_slr_rad_0727_zone_surface_west": "[\"July 22\", \"ZONE SURFACE WEST\", 0.0, 0.0, 0.0, 0.0, 0.0, 0.0, 0.0, 0.0, 0.0, 0.0, 0.0, 0.0, 0.0, 0.0, 0.0, 0.0, 0.0, 0.0, 0.0, 0.0, 0.0, 0.0, 0.0, 0.0]",
    "surf_out_inst_slr_rad_0305_zone_surface_south": "[\"March 5\", \"ZONE SURFACE SOUTH\", 0.0, 0.0, 0.0, 0.0, 0.0, 0.0, 0.0, 0.0, 0.0, 0.0, 0.0, 0.0, 0.0, 0.0, 0.0, 0.0, 0.0, 0.0, 0.0, 0.0, 0.0, 0.0, 0.0, 0.0]",
    "surf_out_inst_slr_rad_0727_zone_surface_south": "[\"July 22\", \"ZONE SURFACE SOUTH\", 0.0, 0.0, 0.0, 0.0, 0.0, 0.0, 0.0, 0.0, 0.0, 0.0, 0.0, 0.0, 0.0, 0.0, 0.0, 0.0, 0.0, 0.0, 0.0, 0.0, 0.0, 0.0, 0.0, 0.0]",
    "sens_htg_clg_0104": "[\"January 4January 4\", \"HeatingCooling\", 0.0, 0.0, 0.0, 0.0, 0.0, 0.0, 0.0, 0.0, 0.0, 0.0, 0.0, 0.0, 0.0, 0.0, 0.0, 0.0, 0.0, 0.0, 0.0, 0.0, 0.0, 0.0, 0.0, 0.0]",
    "temp_0104": "[\"January 4\", 0.0, 0.0, 0.0, 0.0, 0.0, 0.0, 0.0, 0.0, 0.0, 0.0, 0.0, 0.0, 0.0, 0.0, 0.0, 0.0, 0.0, 0.0, 0.0, 0.0, 0.0, 0.0, 0.0, 0.0]",
    "temp_0727": "[\"July 27\", 0.0, 0.0, 0.0, 0.0, 0.0, 0.0, 0.0, 0.0, 0.0, 0.0, 0.0, 0.0, 0.0, 0.0, 0.0, 0.0, 0.0, 0.0, 0.0, 0.0, 0.0, 0.0, 0.0, 0.0]",
    "north_incident_solar_radiation": 432.57135410640626,
    "east_incident_solar_radiation": 1185.8900729204374,
    "west_incident_solar_radiation": 1040.744396665984,
    "south_incident_solar_radiation": 1547.5075441632641,
    "horizontal_incident_solar_radiation": 1840.9315487976985,
    "zone_total_transmitted_solar_radiation": 981.7119271772063,
    "temp_bins": "[0, 0, 0, 0, 0, 0, 0, 0, 0, 0, 0, 0, 0, 0, 0, 0, 0, 0, 0, 0, 0, 0, 0, 0, 0, 0, 0, 0, 0, 0, 0, 0, 0, 0, 0, 0, 0, 0, 0, 913, 3017, 346, 334, 309, 310, 350, 2101, 1080, 0, 0, 0, 0, 0, 0, 0, 0, 0, 0, 0, 0, 0, 0, 0, 0, 0, 0, 0, 0, 0, 0, 0, 0, 0, 0, 0, 0, 0, 0, 0, 0, 0, 0, 0, 0, 0, 0, 0, 0, 0, 0, 0]",
    "min_temp": 19.999999999999673,
    "min_index_position": 48,
    "max_temp": 27.00000000000058,
    "max_index_position": 6853,
    "avg_temp": 23.20301167520354,
    "applicable": true
  }
}