{
  "600": {
    "case_num": "600 - Base Case",
    "applicable": true
  },
  "Envelope Reporting": {
    "annual_heating": 4.3805555555555555,
    "annual_cooling": 6.747222222222222,
    "peak_heating_value": 3.7518327672568743,
    "peak_heating_time": "04-JAN-05:00",
    "peak_cooling_value": 6.569615664790663,
    "peak_cooling_time": "17-OCT-13:00",
    "surf_out_inst_slr_rad_0305_zone_surface_west": "[\"March 5\", \"ZONE SURFACE WEST\", 0.0, 0.0, 0.0, 0.0, 0.0, 0.0, 4.1, 19.54, 34.58, 47.82, 56.97, 61.33, 61.43, 56.28, 46.13, 32.25, 16.12, 2.72, 0.0, 0.0, 0.0, 0.0, 0.0, 0.0]",
    "surf_out_inst_slr_rad_0727_zone_surface_west": "[\"July 22\", \"ZONE SURFACE WEST\", 0.0, 0.0, 0.0, 0.0, 2.86, 35.66, 90.29, 128.82, 146.38, 152.72, 149.83, 142.66, 257.4, 457.01, 616.36, 668.52, 511.04, 163.22, 26.89, 0.0, 0.0, 0.0, 0.0, 0.0]",
    "surf_out_inst_slr_rad_0305_zone_surface_south": "[\"March 5\", \"ZONE SURFACE SOUTH\", 0.0, 0.0, 0.0, 0.0, 0.0, 0.0, 4.14, 19.91, 35.48, 48.98, 58.45, 63.73, 63.47, 57.16, 46.14, 31.73, 15.64, 2.67, 0.0, 0.0, 0.0, 0.0, 0.0, 0.0]",
    "surf_out_inst_slr_rad_0727_zone_surface_south": "[\"July 22\", \"ZONE SURFACE SOUTH\", 0.0, 0.0, 0.0, 0.0, 2.86, 35.66, 90.29, 136.14, 256.06, 377.09, 449.96, 468.97, 458.47, 395.78, 298.28, 170.26, 80.37, 52.39, 15.19, 0.0, 0.0, 0.0, 0.0, 0.0]",
    "sens_htg_clg_0104": "[\"January 4January 4\", \"HeatingCooling\", 3.57, 3.69, 3.73, 3.74, 3.75, 3.75, 3.75, 3.45, 2.06, 0.58, -0.08, -1.97, -3.36, -3.62, -2.97, -1.47, -0.02, 0.43, 1.83, 2.57, 2.98, 3.19, 3.25, 3.26]",
    "temp_0104": "[\"January 4\", 20.0, 20.0, 20.0, 20.0, 20.0, 20.0, 20.0, 20.0, 20.0, 20.1, 24.3, 27.0, 27.0, 27.0, 27.0, 27.0, 25.2, 20.5, 20.0, 20.0, 20.0, 20.0, 20.0, 20.0]",
    "temp_0727": "[\"July 27\", 25.8, 24.9, 24.1, 23.4, 22.6, 22.4, 23.3, 25.5, 27.0, 27.0, 27.0, 27.0, 27.0, 27.0, 27.0, 27.0, 27.0, 27.0, 27.0, 27.0, 27.0, 27.0, 27.0, 26.6]",
    "north_incident_solar_radiation": 432.57135410640626,
    "east_incident_solar_radiation": 1185.8900729204374,
    "west_incident_solar_radiation": 1040.744396665984,
    "south_incident_solar_radiation": 1547.5075441632641,
    "horizontal_incident_solar_radiation": 1840.9315487976985,
    "zone_total_transmitted_solar_radiation": 981.7119271772063,
    "temp_bins": "[0, 0, 0, 0, 0, 0, 0, 0, 0, 0, 0, 0, 0, 0, 0, 0, 0, 0, 0, 0, 0, 0, 0, 0, 0, 0, 0, 0, 0, 0, 0, 0, 0, 0, 0, 0, 0, 0, 0, 913, 3017, 346, 334, 309, 310, 350, 2101, 1080, 0, 0, 0, 0, 0, 0, 0, 0, 0, 0, 0, 0, 0, 0, 0, 0, 0, 0, 0, 0, 0, 0, 0, 0, 0, 0, 0, 0, 0, 0, 0, 0, 0, 0, 0, 0, 0, 0, 0, 0, 0, 0, 0]",
    "min_temp": 19.999999999999673,
    "min_index_position": 48,
    "max_temp": 27.00000000000058,
    "max_index_position": 6853,
    "avg_temp": 23.20301167520354,
    "applicable": true
  }
}