{
  "620": {
    "case_num": "620 - East/West Window Orientation",
    "applicable": true
  },
  "Envelope Reporting": {
    "annual_heating": 4.552777777777778,
    "annual_cooling": 4.172222222222222,
    "peak_heating_value": 3.7426716354603644,
    "peak_heating_time": "04-JAN-04:15",
    "peak_cooling_value": 3.923292491619959,
    "peak_cooling_time": "26-JUL-10:00",
    "sens_htg_clg_0104": "[\"January 4January 4\", \"HeatingCooling\", 3.59, 3.69, 3.73, 3.74, 3.74, 3.74, 3.74, 3.49, 2.49, 1.74, 1.3, 1.35, 1.51, 1.28, 0.93, 0.78, 1.42, 2.4, 2.94, 3.16, 3.28, 3.34, 3.32, 3.3]",
    "temp_0104": "[\"January 4\", 20.0, 20.0, 20.0, 20.0, 20.0, 20.0, 20.0, 20.0, 20.0, 20.0, 20.0, 20.0, 20.0, 20.0, 20.0, 20.0, 20.0, 20.0, 20.0, 20.0, 20.0, 20.0, 20.0, 20.0]",
    "temp_0727": "[\"July 27\", 25.9, 25.0, 24.2, 23.5, 22.7, 22.9, 25.4, 27.0, 27.0, 27.0, 27.0, 27.0, 27.0, 27.0, 27.0, 27.0, 27.0, 27.0, 27.0, 27.0, 27.0, 27.0, 27.0, 26.7]",
    "zone_total_transmitted_solar_radiation": 723.5719846426737,
    "temp_bins": "[0, 0, 0, 0, 0, 0, 0, 0, 0, 0, 0, 0, 0, 0, 0, 0, 0, 0, 0, 0, 0, 0, 0, 0, 0, 0, 0, 0, 0, 0, 0, 0, 0, 0, 0, 0, 0, 0, 0, 938, 3113, 390, 355, 369, 341, 344, 1786, 1124, 0, 0, 0, 0, 0, 0, 0, 0, 0, 0, 0, 0, 0, 0, 0, 0, 0, 0, 0, 0, 0, 0, 0, 0, 0, 0, 0, 0, 0, 0, 0, 0, 0, 0, 0, 0, 0, 0, 0, 0, 0, 0, 0]",
    "min_temp": 19.999999999999716,
    "min_index_position": 8687,
    "max_temp": 27.00000000000036,
    "max_index_position": 4816,
    "avg_temp": 23.034595821106844,
    "applicable": true
  }
}