{
  "620": {
    "case_num": "620 - East/West Window Orientation",
    "applicable": true
  },
  "Envelope Reporting": {
    "annual_heating": 4.549999999999999,
    "annual_cooling": 4.169444444444444,
    "peak_heating_value": 3.7409444896383244,
    "peak_heating_time": "04-JAN-04:15",
    "peak_cooling_value": 3.9206384132889265,
    "peak_cooling_time": "26-JUL-10:00",
    "sens_htg_clg_0104": "[\"January 4January 4\", \"HeatingCooling\", 3.59, 3.69, 3.73, 3.74, 3.74, 3.74, 3.74, 3.49, 2.49, 1.74, 1.3, 1.35, 1.51, 1.28, 0.93, 0.78, 1.42, 2.4, 2.93, 3.16, 3.28, 3.34, 3.32, 3.3]",
    "temp_0104": "[\"January 4\", 20.0, 20.0, 20.0, 20.0, 20.0, 20.0, 20.0, 20.0, 20.0, 20.0, 20.0, 20.0, 20.0, 20.0, 20.0, 20.0, 20.0, 20.0, 20.0, 20.0, 20.0, 20.0, 20.0, 20.0]",
    "temp_0727": "[\"July 27\", 25.9, 25.0, 24.2, 23.5, 22.7, 22.9, 25.4, 27.0, 27.0, 27.0, 27.0, 27.0, 27.0, 27.0, 27.0, 27.0, 27.0, 27.0, 27.0, 27.0, 27.0, 27.0, 27.0, 26.7]",
    "zone_total_transmitted_solar_radiation": 723.5719846426737,
    "temp_bins": "[0, 0, 0, 0, 0, 0, 0, 0, 0, 0, 0, 0, 0, 0, 0, 0, 0, 0, 0, 0, 0, 0, 0, 0, 0, 0, 0, 0, 0, 0, 0, 0, 0, 0, 0, 0, 0, 0, 0, 992, 3059, 391, 356, 368, 340, 340, 1782, 1132, 0, 0, 0, 0, 0, 0, 0, 0, 0, 0, 0, 0, 0, 0, 0, 0, 0, 0, 0, 0, 0, 0, 0, 0, 0, 0, 0, 0, 0, 0, 0, 0, 0, 0, 0, 0, 0, 0, 0, 0, 0, 0, 0]",
    "min_temp": 19.999999999999734,
    "min_index_position": 8161,
    "max_temp": 27.000000000000355,
    "max_index_position": 5752,
    "avg_temp": 23.034167821754494,
    "applicable": true
  }
}