{
  "620": {
    "case_num": "620 - East/West Window Orientation",
    "applicable": true
  },
  "Envelope Reporting": {
    "zone_total_transmitted_solar_radiation": 723.5719846426737,
    "sens_htg_clg_0104": "[\"January 4January 4\", \"HeatingCooling\", 3.59, 3.69, 3.73, 3.74, 3.74, 3.74, 3.74, 3.49, 2.49, 1.74, 1.3, 1.35, 1.51, 1.28, 0.93, 0.78, 1.41, 2.4, 2.94, 3.16, 3.28, 3.34, 3.32, 3.3]",
    "temp_0104": "[\"January 4\", 20.0, 20.0, 20.0, 20.0, 20.0, 20.0, 20.0, 20.0, 20.0, 20.0, 20.0, 20.0, 20.0, 20.0, 20.0, 20.0, 20.0, 20.0, 20.0, 20.0, 20.0, 20.0, 20.0, 20.0]",
    "temp_0727": "[\"July 27\", 25.9, 25.0, 24.2, 23.5, 22.7, 22.9, 25.4, 27.0, 27.0, 27.0, 27.0, 27.0, 27.0, 27.0, 27.0, 27.0, 27.0, 27.0, 27.0, 27.0, 27.0, 27.0, 27.0, 26.7]",
    "temp_bins": "[0, 0, 0, 0, 0, 0, 0, 0, 0, 0, 0, 0, 0, 0, 0, 0, 0, 0, 0, 0, 0, 0, 0, 0, 0, 0, 0, 0, 0, 0, 0, 0, 0, 0, 0, 0, 0, 0, 0, 112, 3939, 386, 357, 368, 343, 340, 1452, 1463, 0, 0, 0, 0, 0, 0, 0, 0, 0, 0, 0, 0, 0, 0, 0, 0, 0, 0, 0, 0, 0, 0, 0, 0, 0, 0, 0, 0, 0, 0, 0, 0, 0, 0, 0, 0, 0, 0, 0, 0, 0, 0, 0]",
    "min_temp": 19.999999999999996,
    "min_index_position": 11,
    "max_temp": 27.000000000000007,
    "max_index_position": 6901,
    "avg_temp": 23.0363036906963,
    "annual_heating": 4.549999999999999,
    "annual_cooling": 4.177777777777778,
    "peak_heating_value": 3.741146625727659,
    "peak_heating_time": "04-JAN-04:00",
    "peak_cooling_value": 3.923291528901756,
    "peak_cooling_time": "26-JUL-10:00",
    "applicable": true
  }
}