{
  "940": {
    "case_num": "940 - High-Mass Thermostat Setback",
    "applicable": true
  },
  "Envelope Reporting": {
    "annual_heating": 0.7666666666666666,
    "annual_cooling": 2.436111111111111,
    "peak_heating_value": 4.827108395901816,
    "peak_heating_time": "04-JAN-07:15",
    "peak_cooling_value": 3.254140892201805,
    "peak_cooling_time": "17-OCT-14:15",
    "sens_htg_clg_0104": "[\"January 4January 4\", \"HeatingCooling\", 0.0, 0.19, 0.45, 0.67, 0.85, 0.98, 1.12, 4.83, 3.75, 2.81, 1.79, 1.17, 0.54, 0.07, 0.0, 0.12, 0.72, 1.26, 1.56, 1.74, 1.91, 2.03, 2.09, 0.0]",
    "temp_0104": "[\"January 4\", 10.6, 10.0, 10.0, 10.0, 10.0, 10.0, 10.0, 20.0, 20.0, 20.0, 20.0, 20.0, 20.0, 20.1, 20.3, 20.0, 20.0, 20.0, 20.0, 20.0, 20.0, 20.0, 20.0, 14.5]",
    "temp_0727": "[\"July 27\", 27.0, 27.0, 27.0, 27.0, 27.0, 27.0, 27.0, 27.0, 27.0, 27.0, 27.0, 27.0, 27.0, 27.0, 27.0, 27.0, 27.0, 27.0, 27.0, 27.0, 27.0, 27.0, 27.0, 27.0]",
    "temp_bins": "[0, 0, 0, 0, 0, 0, 0, 0, 0, 0, 0, 0, 0, 0, 0, 0, 0, 0, 0, 0, 0, 0, 0, 0, 0, 0, 0, 0, 0, 0, 47, 18, 24, 53, 78, 98, 116, 131, 179, 313, 1125, 435, 504, 534, 621, 686, 2289, 1509, 0, 0, 0, 0, 0, 0, 0, 0, 0, 0, 0, 0, 0, 0, 0, 0, 0, 0, 0, 0, 0, 0, 0, 0, 0, 0, 0, 0, 0, 0, 0, 0, 0, 0, 0, 0, 0, 0, 0, 0, 0, 0, 0]",
    "min_temp": 10.000000000000012,
    "min_index_position": 866,
    "max_temp": 27.000000000000252,
    "max_index_position": 6134,
    "avg_temp": 23.839597523757316,
    "applicable": true
  }
}