{
  "940": {
    "case_num": "940 - High-Mass Thermostat Setback",
    "applicable": true
  },
  "Envelope Reporting": {
    "sens_htg_clg_0104": "[\"January 4January 4\", \"HeatingCooling\", 0.0, 0.19, 0.45, 0.67, 0.85, 0.98, 1.12, 4.83, 3.75, 2.81, 1.79, 1.17, 0.54, 0.07, 0.0, 0.12, 0.72, 1.26, 1.56, 1.74, 1.91, 2.03, 2.09, 0.0]",
    "temp_0104": "[\"January 4\", 10.6, 10.0, 10.0, 10.0, 10.0, 10.0, 10.0, 20.0, 20.0, 20.0, 20.0, 20.0, 20.0, 20.1, 20.3, 20.0, 20.0, 20.0, 20.0, 20.0, 20.0, 20.0, 20.0, 14.5]",
    "temp_0727": "[\"July 27\", 27.0, 27.0, 27.0, 27.0, 27.0, 27.0, 27.0, 27.0, 27.0, 27.0, 27.0, 27.0, 27.0, 27.0, 27.0, 27.0, 27.0, 27.0, 27.0, 27.0, 27.0, 27.0, 27.0, 27.0]",
    "temp_bins": "[0, 0, 0, 0, 0, 0, 0, 0, 0, 0, 0, 0, 0, 0, 0, 0, 0, 0, 0, 0, 0, 0, 0, 0, 0, 0, 0, 0, 0, 1, 46, 18, 24, 53, 77, 99, 116, 131, 177, 225, 1211, 438, 501, 532, 627, 683, 1744, 2057, 0, 0, 0, 0, 0, 0, 0, 0, 0, 0, 0, 0, 0, 0, 0, 0, 0, 0, 0, 0, 0, 0, 0, 0, 0, 0, 0, 0, 0, 0, 0, 0, 0, 0, 0, 0, 0, 0, 0, 0, 0, 0, 0]",
    "min_temp": 9.999999999999998,
    "min_index_position": 869,
    "max_temp": 27.000000000000007,
    "max_index_position": 7553,
    "avg_temp": 23.843355395165407,
    "annual_heating": 0.7666666666666666,
    "annual_cooling": 2.4416666666666664,
    "peak_heating_value": 4.8266804225471995,
    "peak_heating_time": "04-JAN-07:15",
    "peak_cooling_value": 3.254315663630149,
    "peak_cooling_time": "17-OCT-14:15",
    "applicable": true
  }
}