{
  "CE100": {
    "case_num": "CE100 - Base-Case Building and Mechanical System",
    "applicable": true
  },
  "Cooling Reporting": {
    "clg_energy_consumption_total": 1519.9339293179376,
    "clg_energy_consumption_compressor": 1376.3804136924937,
    "clg_energy_consumption_supply_fan": 143.55351562544308,
    "clg_energy_consumption_condenser_fan": "tbd",
    "evaporator_coil_load_total": 3796.594723538862,
    "evaporator_coil_load_sensible": 3796.594723538862,
    "evaporator_coil_load_latent": 2.412434696452692e-13,
    "zone_load_total": 3653.041207913427,
    "zone_load_sensible": 3653.0412079134267,
    "zone_load_latent": 2.255546860396862e-13,
    "feb_mean_cop": 2.4034210549880353,
    "feb_max_cop": 2.4054288617509463,
    "feb_min_cop": 2.3977530831824607,
    "feb_mean_idb": 22.209963840366306,
    "feb_max_idb": 22.212034452912786,
    "feb_min_idb": 22.2095702017075,
    "feb_mean_humidity_ratio": 0.007456170254283885,
    "feb_max_humidity_ratio": 0.0074561702542840815,
    "feb_min_humidity_ratio": 0.007456170254283747,
    "applicable": true
  }
}