{
  "CE100": {
    "case_num": "CE100 - Base-Case Building and Mechanical System",
    "applicable": true
  },
  "Cooling Reporting": {
    "clg_energy_consumption_total": 1519.9336485545793,
    "clg_energy_consumption_compressor": 1376.380169801056,
    "clg_energy_consumption_supply_fan": 143.55347875352362,
    "clg_energy_consumption_condenser_fan": "tbd",
    "evaporator_coil_load_total": 3796.594184806029,
    "evaporator_coil_load_sensible": 3796.594184806029,
    "evaporator_coil_load_latent": 2.5056579033844175e-13,
    "zone_load_total": 3653.040706052504,
    "zone_load_sensible": 3653.0407060525035,
    "zone_load_latent": 2.3123902792576703e-13,
    "feb_mean_cop": 2.4034211687638196,
    "feb_max_cop": 2.4054287668235204,
    "feb_min_cop": 2.3977535640125467,
    "feb_mean_idb": 22.20996936408739,
    "feb_max_idb": 22.212038226361443,
    "feb_min_idb": 22.209575762333284,
    "feb_mean_humidity_ratio": 0.007456172440901498,
    "feb_max_humidity_ratio": 0.007456172440901599,
    "feb_min_humidity_ratio": 0.007456172440901278,
    "applicable": true
  }
}