{
  "CE100": {
    "case_num": "CE100 - Base-Case Building and Mechanical System",
    "applicable": true
  },
  "Cooling Reporting": {
    "clg_energy_consumption_total": 1519.9339293179398,
    "clg_energy_consumption_compressor": 1376.3804136924937,
    "clg_energy_consumption_supply_fan": 143.55351562544305,
    "clg_energy_consumption_condenser_fan": "tbd",
    "evaporator_coil_load_total": 3796.5947235388626,
    "evaporator_coil_load_sensible": 3796.5947235388617,
    "evaporator_coil_load_latent": 2.432898327242583e-13,
    "zone_load_total": 3653.0412079134244,
    "zone_load_sensible": 3653.0412079134244,
    "zone_load_latent": 2.2532731236424297e-13,
    "feb_mean_cop": 2.4034210549880295,
    "feb_max_cop": 2.4054288617509405,
    "feb_min_cop": 2.3977530831824674,
    "feb_mean_idb": 22.209963840366296,
    "feb_max_idb": 22.212034452912786,
    "feb_min_idb": 22.209570201707567,
    "feb_mean_humidity_ratio": 0.007456170254283885,
    "feb_max_humidity_ratio": 0.007456170254284036,
    "feb_min_humidity_ratio": 0.007456170254283756,
    "applicable": true
  }
}