{
  "CE100": {
    "case_num": "CE100 - Base-Case Building and Mechanical System",
    "applicable": true
  },
  "Cooling Reporting": {
    "clg_energy_consumption_total": 1519.5112359096954,
    "clg_energy_consumption_compressor": 1376.0119750322906,
    "clg_energy_consumption_supply_fan": 143.49926087740764,
    "clg_energy_consumption_condenser_fan": "tbd",
    "evaporator_coil_load_total": 3796.539922560093,
    "evaporator_coil_load_sensible": 3796.5399225600922,
    "evaporator_coil_load_latent": 2.510205376893282e-13,
    "zone_load_total": 3653.0406616826863,
    "zone_load_sensible": 3653.0406616826867,
    "zone_load_latent": 2.1168489183764906e-13,
    "feb_mean_cop": 2.4040892724927416,
    "feb_max_cop": 2.4060949967473806,
    "feb_min_cop": 2.398429797974157,
    "feb_mean_idb": 22.210006880756275,
    "feb_max_idb": 22.21207453448938,
    "feb_min_idb": 22.209613957722212,
    "feb_mean_humidity_ratio": 0.007453280513339468,
    "feb_max_humidity_ratio": 0.0074532805133395216,
    "feb_min_humidity_ratio": 0.007453280513339278,
    "applicable": true
  }
}