{
  "CE100": {
    "case_num": "CE100 - Base-Case Building and Mechanical System",
    "applicable": true
  },
  "Cooling Reporting": {
    "clg_energy_consumption_total": 1520.9878933155107,
    "clg_energy_consumption_compressor": 1377.2998725358034,
    "clg_energy_consumption_supply_fan": 143.6880207797079,
    "clg_energy_consumption_condenser_fan": "tbd",
    "evaporator_coil_load_total": 3796.7297389021273,
    "evaporator_coil_load_sensible": 3796.7297389021273,
    "evaporator_coil_load_latent": -2.955857780762017e-15,
    "zone_load_total": 3653.0417181224234,
    "zone_load_sensible": 3653.041718122423,
    "zone_load_latent": 4.708908818429336e-13,
    "feb_mean_cop": 2.401755947024256,
    "feb_max_cop": 2.403757150640779,
    "feb_min_cop": 2.3961046310735634,
    "feb_mean_idb": 22.209856192033254,
    "feb_max_idb": 22.211902721870164,
    "feb_min_idb": 22.209463266286136,
    "feb_mean_humidity_ratio": 0.007400736943072064,
    "feb_max_humidity_ratio": 0.0074007369430721896,
    "feb_min_humidity_ratio": 0.007400736943071981,
    "applicable": true
  }
}