{
  "CE170": {
    "case_num": "CE170 - Reduced Sensible Load",
    "applicable": true
  },
  "Cooling Reporting": {
    "clg_energy_consumption_total": 635.48121257078,
    "clg_energy_consumption_compressor": 562.444510742859,
    "clg_energy_consumption_supply_fan": 73.03670182792054,
    "clg_energy_consumption_condenser_fan": "tbd",
    "evaporator_coil_load_total": 2224.371669962249,
    "evaporator_coil_load_sensible": 1485.1709041648903,
    "evaporator_coil_load_latent": 739.2007657973584,
    "zone_load_total": 2151.334968134328,
    "zone_load_sensible": 1417.466998571324,
    "zone_load_latent": 733.8679695630024,
    "feb_mean_cop": 3.38536360411239,
    "feb_max_cop": 3.3891889536442608,
    "feb_min_cop": 3.379059076187683,
    "feb_mean_idb": 22.181126703142304,
    "feb_max_idb": 22.18173202495499,
    "feb_min_idb": 22.18015064044424,
    "feb_mean_humidity_ratio": 0.010550709038535241,
    "feb_max_humidity_ratio": 0.01058260728822878,
    "feb_min_humidity_ratio": 0.010465262749308353,
    "applicable": true
  }
}