{
  "CE170": {
    "case_num": "CE170 - Reduced Sensible Load",
    "applicable": true
  },
  "Cooling Reporting": {
    "clg_energy_consumption_total": 635.4810159371642,
    "clg_energy_consumption_compressor": 562.4443421034562,
    "clg_energy_consumption_supply_fan": 73.03667383370775,
    "clg_energy_consumption_condenser_fan": "tbd",
    "evaporator_coil_load_total": 2224.3712431406425,
    "evaporator_coil_load_sensible": 1485.1704775796172,
    "evaporator_coil_load_latent": 739.200765561023,
    "zone_load_total": 2151.3345693069327,
    "zone_load_sensible": 1417.4666006916393,
    "zone_load_latent": 733.8679686152925,
    "feb_mean_cop": 3.3853640240287755,
    "feb_max_cop": 3.389189249059925,
    "feb_min_cop": 3.379058157932104,
    "feb_mean_idb": 22.181135210834718,
    "feb_max_idb": 22.181740617819678,
    "feb_min_idb": 22.18016868911295,
    "feb_mean_humidity_ratio": 0.010550713932961335,
    "feb_max_humidity_ratio": 0.010582617788929011,
    "feb_min_humidity_ratio": 0.010465256036608049,
    "applicable": true
  }
}