{
  "CE170": {
    "case_num": "CE170 - Reduced Sensible Load",
    "applicable": true
  },
  "Cooling Reporting": {
    "clg_energy_consumption_total": 635.3659619937142,
    "clg_energy_consumption_compressor": 562.3492508491227,
    "clg_energy_consumption_supply_fan": 73.01671114459259,
    "clg_energy_consumption_condenser_fan": "tbd",
    "evaporator_coil_load_total": 2224.350421971148,
    "evaporator_coil_load_sensible": 1485.1496416622501,
    "evaporator_coil_load_latent": 739.200780308897,
    "zone_load_total": 2151.3337108265523,
    "zone_load_sensible": 1417.467376100133,
    "zone_load_latent": 733.8663347264209,
    "feb_mean_cop": 3.3859757045780112,
    "feb_max_cop": 3.3897986531255575,
    "feb_min_cop": 3.3796815628023142,
    "feb_mean_idb": 22.181128798871082,
    "feb_max_idb": 22.181734788615614,
    "feb_min_idb": 22.18015374661929,
    "feb_mean_humidity_ratio": 0.010549578630416036,
    "feb_max_humidity_ratio": 0.01058143434034938,
    "feb_min_humidity_ratio": 0.010464119762645734,
    "applicable": true
  }
}