{
  "CE170": {
    "case_num": "CE170 - Reduced Sensible Load",
    "applicable": true
  },
  "Cooling Reporting": {
    "clg_energy_consumption_total": 635.5647046402503,
    "clg_energy_consumption_compressor": 562.5132009050232,
    "clg_energy_consumption_supply_fan": 73.05150373522713,
    "clg_energy_consumption_condenser_fan": "tbd",
    "evaporator_coil_load_total": 2224.366533819536,
    "evaporator_coil_load_sensible": 1485.1657594272522,
    "evaporator_coil_load_latent": 739.200774392284,
    "zone_load_total": 2151.3150300843104,
    "zone_load_sensible": 1417.4459546297562,
    "zone_load_latent": 733.8690754545504,
    "feb_mean_cop": 3.38488750929305,
    "feb_max_cop": 3.3887012303517334,
    "feb_min_cop": 3.3785463547731363,
    "feb_mean_idb": 22.200219872817257,
    "feb_max_idb": 22.20023276944616,
    "feb_min_idb": 22.20021390740322,
    "feb_mean_humidity_ratio": 0.01052306016605251,
    "feb_max_humidity_ratio": 0.010555371779111141,
    "feb_min_humidity_ratio": 0.010437801859238573,
    "applicable": true
  }
}