{
  "810": {
    "case_num": "810 - High-Mass Cavity Albedo",
    "applicable": true
  },
  "Envelope Reporting": {
    "annual_heating": 1.972222222222222,
    "annual_cooling": 1.2055555555555555,
    "peak_heating_value": 3.3228762132835086,
    "peak_heating_time": "04-JAN-07:15",
    "peak_cooling_value": 2.1141934150298893,
    "peak_cooling_time": "02-SEP-14:00",
    "sens_htg_clg_0104": "[\"January 4January 4\", \"HeatingCooling\", 2.94, 3.06, 3.12, 3.18, 3.24, 3.28, 3.32, 3.21, 2.66, 2.01, 1.25, 0.83, 0.54, 0.3, 0.28, 0.54, 1.06, 1.53, 1.75, 1.87, 2.0, 2.12, 2.18, 2.26]",
    "temp_0104": "[\"January 4\", 20.0, 20.0, 20.0, 20.0, 20.0, 20.0, 20.0, 20.0, 20.0, 20.0, 20.0, 20.0, 20.0, 20.0, 20.0, 20.0, 20.0, 20.0, 20.0, 20.0, 20.0, 20.0, 20.0, 20.0]",
    "temp_0727": "[\"July 27\", 27.0, 27.0, 27.0, 27.0, 27.0, 27.0, 27.0, 27.0, 27.0, 27.0, 27.0, 27.0, 27.0, 27.0, 27.0, 27.0, 27.0, 27.0, 27.0, 27.0, 27.0, 27.0, 27.0, 27.0]",
    "temp_bins": "[0, 0, 0, 0, 0, 0, 0, 0, 0, 0, 0, 0, 0, 0, 0, 0, 0, 0, 0, 0, 0, 0, 0, 0, 0, 0, 0, 0, 0, 0, 0, 0, 0, 0, 0, 0, 0, 0, 0, 558, 2428, 493, 572, 582, 645, 673, 1788, 1021, 0, 0, 0, 0, 0, 0, 0, 0, 0, 0, 0, 0, 0, 0, 0, 0, 0, 0, 0, 0, 0, 0, 0, 0, 0, 0, 0, 0, 0, 0, 0, 0, 0, 0, 0, 0, 0, 0, 0, 0, 0, 0, 0]",
    "min_temp": 19.999999999999705,
    "min_index_position": 1086,
    "max_temp": 27.000000000000213,
    "max_index_position": 4885,
    "avg_temp": 23.469510020786768,
    "applicable": true
  }
}