{
  "810": {
    "case_num": "810 - High-Mass Cavity Albedo",
    "applicable": true
  },
  "Envelope Reporting": {
    "annual_heating": 1.9694444444444443,
    "annual_cooling": 1.2055555555555555,
    "peak_heating_value": 3.3203247686533435,
    "peak_heating_time": "04-JAN-07:15",
    "peak_cooling_value": 2.1120242783905363,
    "peak_cooling_time": "02-SEP-14:00",
    "sens_htg_clg_0104": "[\"January 4January 4\", \"HeatingCooling\", 2.94, 3.06, 3.12, 3.18, 3.24, 3.28, 3.32, 3.21, 2.66, 2.01, 1.25, 0.84, 0.54, 0.31, 0.29, 0.54, 1.06, 1.53, 1.75, 1.87, 2.0, 2.12, 2.18, 2.26]",
    "temp_0104": "[\"January 4\", 20.0, 20.0, 20.0, 20.0, 20.0, 20.0, 20.0, 20.0, 20.0, 20.0, 20.0, 20.0, 20.0, 20.0, 20.0, 20.0, 20.0, 20.0, 20.0, 20.0, 20.0, 20.0, 20.0, 20.0]",
    "temp_0727": "[\"July 27\", 27.0, 27.0, 27.0, 27.0, 27.0, 27.0, 27.0, 27.0, 27.0, 27.0, 27.0, 27.0, 27.0, 27.0, 27.0, 27.0, 27.0, 27.0, 27.0, 27.0, 27.0, 27.0, 27.0, 27.0]",
    "temp_bins": "[0, 0, 0, 0, 0, 0, 0, 0, 0, 0, 0, 0, 0, 0, 0, 0, 0, 0, 0, 0, 0, 0, 0, 0, 0, 0, 0, 0, 0, 0, 0, 0, 0, 0, 0, 0, 0, 0, 0, 609, 2380, 495, 568, 582, 645, 673, 1736, 1072, 0, 0, 0, 0, 0, 0, 0, 0, 0, 0, 0, 0, 0, 0, 0, 0, 0, 0, 0, 0, 0, 0, 0, 0, 0, 0, 0, 0, 0, 0, 0, 0, 0, 0, 0, 0, 0, 0, 0, 0, 0, 0, 0]",
    "min_temp": 19.999999999999716,
    "min_index_position": 871,
    "max_temp": 27.00000000000021,
    "max_index_position": 5436,
    "avg_temp": 23.468496323293103,
    "applicable": true
  }
}