{
  "810": {
    "case_num": "810 - High-Mass Cavity Albedo",
    "applicable": true
  },
  "Envelope Reporting": {
    "sens_htg_clg_0104": "[\"January 4January 4\", \"HeatingCooling\", 2.94, 3.06, 3.12, 3.18, 3.24, 3.28, 3.32, 3.21, 2.66, 2.01, 1.25, 0.83, 0.54, 0.3, 0.28, 0.53, 1.06, 1.53, 1.75, 1.87, 2.0, 2.12, 2.18, 2.26]",
    "temp_0104": "[\"January 4\", 20.0, 20.0, 20.0, 20.0, 20.0, 20.0, 20.0, 20.0, 20.0, 20.0, 20.0, 20.0, 20.0, 20.0, 20.0, 20.0, 20.0, 20.0, 20.0, 20.0, 20.0, 20.0, 20.0, 20.0]",
    "temp_0727": "[\"July 27\", 27.0, 27.0, 27.0, 27.0, 27.0, 27.0, 27.0, 27.0, 27.0, 27.0, 27.0, 27.0, 27.0, 27.0, 27.0, 27.0, 27.0, 27.0, 27.0, 27.0, 27.0, 27.0, 27.0, 27.0]",
    "temp_bins": "[0, 0, 0, 0, 0, 0, 0, 0, 0, 0, 0, 0, 0, 0, 0, 0, 0, 0, 0, 0, 0, 0, 0, 0, 0, 0, 0, 0, 0, 0, 0, 0, 0, 0, 0, 0, 0, 0, 0, 83, 2900, 492, 573, 582, 644, 674, 1401, 1411, 0, 0, 0, 0, 0, 0, 0, 0, 0, 0, 0, 0, 0, 0, 0, 0, 0, 0, 0, 0, 0, 0, 0, 0, 0, 0, 0, 0, 0, 0, 0, 0, 0, 0, 0, 0, 0, 0, 0, 0, 0, 0, 0]",
    "min_temp": 19.999999999999993,
    "min_index_position": 385,
    "max_temp": 27.000000000000007,
    "max_index_position": 7503,
    "avg_temp": 23.472707906058876,
    "annual_heating": 1.9666666666666666,
    "annual_cooling": 1.2083333333333333,
    "peak_heating_value": 3.3225532575364536,
    "peak_heating_time": "04-JAN-07:15",
    "peak_cooling_value": 2.1141282606615093,
    "peak_cooling_time": "02-SEP-14:00",
    "applicable": true
  }
}