{
  "300": {
    "case_num": "300 - East/West Window Orientation",
    "applicable": true
  },
  "Envelope Reporting": {
    "annual_heating": 4.502777777777778,
    "annual_cooling": 5.469444444444444,
    "peak_heating_value": 3.0155109607026636,
    "peak_heating_time": "04-JAN-04:15",
    "peak_cooling_value": 3.900480544134512,
    "peak_cooling_time": "02-JUL-09:15",
    "sens_htg_clg_0104": "[\"January 4January 4\", \"HeatingCooling\", 2.88, 2.95, 2.99, 3.01, 3.02, 3.01, 3.01, 2.76, 1.9, 1.35, 1.1, 1.29, 1.5, 1.3, 0.88, 0.65, 1.11, 1.92, 2.36, 2.56, 2.66, 2.71, 2.7, 2.68]",
    "temp_0104": "[\"January 4\", 20.0, 20.0, 20.0, 20.0, 20.0, 20.0, 20.0, 20.0, 20.0, 20.0, 20.0, 20.0, 20.0, 20.0, 20.0, 20.0, 20.0, 20.0, 20.0, 20.0, 20.0, 20.0, 20.0, 20.0]",
    "temp_0727": "[\"July 27\", 20.0, 20.0, 20.0, 20.0, 20.0, 20.0, 20.0, 20.0, 20.0, 20.0, 20.0, 20.0, 20.0, 20.0, 20.0, 20.0, 20.0, 20.0, 20.0, 20.0, 20.0, 20.0, 20.0, 20.0]",
    "temp_bins": "[0, 0, 0, 0, 0, 0, 0, 0, 0, 0, 0, 0, 0, 0, 0, 0, 0, 0, 0, 0, 0, 0, 0, 0, 0, 0, 0, 0, 0, 0, 0, 0, 0, 0, 0, 0, 0, 0, 0, 1517, 7243, 0, 0, 0, 0, 0, 0, 0, 0, 0, 0, 0, 0, 0, 0, 0, 0, 0, 0, 0, 0, 0, 0, 0, 0, 0, 0, 0, 0, 0, 0, 0, 0, 0, 0, 0, 0, 0, 0, 0, 0, 0, 0, 0, 0, 0, 0, 0, 0, 0, 0]",
    "min_temp": 19.99999999999975,
    "min_index_position": 4887,
    "max_temp": 20.000000000000448,
    "max_index_position": 1562,
    "avg_temp": 20.0,
    "applicable": true
  }
}