{
  "300": {
    "case_num": "300 - East/West Window Orientation",
    "applicable": true
  },
  "Envelope Reporting": {
    "annual_heating": 4.497222222222223,
    "annual_cooling": 5.466666666666667,
    "peak_heating_value": 3.013736526744117,
    "peak_heating_time": "04-JAN-04:15",
    "peak_cooling_value": 3.8984746593868422,
    "peak_cooling_time": "02-JUL-09:15",
    "sens_htg_clg_0104": "[\"January 4January 4\", \"HeatingCooling\", 2.87, 2.95, 2.99, 3.01, 3.01, 3.01, 3.01, 2.76, 1.9, 1.35, 1.1, 1.29, 1.5, 1.3, 0.88, 0.65, 1.11, 1.92, 2.36, 2.56, 2.66, 2.71, 2.7, 2.68]",
    "temp_0104": "[\"January 4\", 20.0, 20.0, 20.0, 20.0, 20.0, 20.0, 20.0, 20.0, 20.0, 20.0, 20.0, 20.0, 20.0, 20.0, 20.0, 20.0, 20.0, 20.0, 20.0, 20.0, 20.0, 20.0, 20.0, 20.0]",
    "temp_0727": "[\"July 27\", 20.0, 20.0, 20.0, 20.0, 20.0, 20.0, 20.0, 20.0, 20.0, 20.0, 20.0, 20.0, 20.0, 20.0, 20.0, 20.0, 20.0, 20.0, 20.0, 20.0, 20.0, 20.0, 20.0, 20.0]",
    "temp_bins": "[0, 0, 0, 0, 0, 0, 0, 0, 0, 0, 0, 0, 0, 0, 0, 0, 0, 0, 0, 0, 0, 0, 0, 0, 0, 0, 0, 0, 0, 0, 0, 0, 0, 0, 0, 0, 0, 0, 0, 1442, 7318, 0, 0, 0, 0, 0, 0, 0, 0, 0, 0, 0, 0, 0, 0, 0, 0, 0, 0, 0, 0, 0, 0, 0, 0, 0, 0, 0, 0, 0, 0, 0, 0, 0, 0, 0, 0, 0, 0, 0, 0, 0, 0, 0, 0, 0, 0, 0, 0, 0, 0]",
    "min_temp": 19.999999999999744,
    "min_index_position": 2833,
    "max_temp": 20.000000000000377,
    "max_index_position": 867,
    "avg_temp": 20.000000000000004,
    "applicable": true
  }
}