{
  "910": {
    "case_num": "910 - High-Mass South Shading",
    "applicable": true
  },
  "Envelope Reporting": {
    "annual_heating": 1.5055555555555555,
    "annual_cooling": 1.236111111111111,
    "peak_heating_value": 3.1711995804385418,
    "peak_heating_time": "04-JAN-07:15",
    "peak_cooling_value": 2.573375297604378,
    "peak_cooling_time": "17-OCT-14:30",
    "sens_htg_clg_0104": "[\"January 4January 4\", \"HeatingCooling\", 2.69, 2.83, 2.91, 2.98, 3.06, 3.11, 3.17, 3.06, 2.45, 1.79, 1.01, 0.3, 0.0, 0.0, 0.0, 0.0, 0.14, 0.64, 1.01, 1.25, 1.48, 1.66, 1.77, 1.86]",
    "temp_0104": "[\"January 4\", 20.0, 20.0, 20.0, 20.0, 20.0, 20.0, 20.0, 20.0, 20.0, 20.0, 20.0, 20.0, 20.6, 21.9, 22.3, 21.8, 20.2, 20.0, 20.0, 20.0, 20.0, 20.0, 20.0, 20.0]",
    "temp_0727": "[\"July 27\", 27.0, 27.0, 27.0, 27.0, 26.9, 26.9, 27.0, 27.0, 27.0, 27.0, 27.0, 27.0, 27.0, 27.0, 27.0, 27.0, 27.0, 27.0, 27.0, 27.0, 27.0, 27.0, 27.0, 27.0]",
    "zone_total_transmitted_solar_radiation": 789.1309121267469,
    "temp_bins": "[0, 0, 0, 0, 0, 0, 0, 0, 0, 0, 0, 0, 0, 0, 0, 0, 0, 0, 0, 0, 0, 0, 0, 0, 0, 0, 0, 0, 0, 0, 0, 0, 0, 0, 0, 0, 0, 0, 0, 456, 2108, 537, 598, 649, 703, 738, 1904, 1067, 0, 0, 0, 0, 0, 0, 0, 0, 0, 0, 0, 0, 0, 0, 0, 0, 0, 0, 0, 0, 0, 0, 0, 0, 0, 0, 0, 0, 0, 0, 0, 0, 0, 0, 0, 0, 0, 0, 0, 0, 0, 0, 0]",
    "min_temp": 19.9999999999997,
    "min_index_position": 73,
    "max_temp": 27.000000000000192,
    "max_index_position": 7191,
    "avg_temp": 23.705667395455347,
    "applicable": true
  }
}