{
  "CE130": {
    "case_num": "CE130 - Low Part-Load Ratio",
    "applicable": true
  },
  "Cooling Reporting": {
    "clg_energy_consumption_total": 108.0893063808913,
    "clg_energy_consumption_compressor": 97.88070446000006,
    "clg_energy_consumption_supply_fan": 10.208601920891375,
    "clg_energy_consumption_condenser_fan": "tbd",
    "evaporator_coil_load_total": 215.90176288824208,
    "evaporator_coil_load_sensible": 215.90176288824208,
    "evaporator_coil_load_latent": 1.2875034371973016e-14,
    "zone_load_total": 205.69316096735065,
    "zone_load_sensible": 205.69316096735062,
    "zone_load_latent": 1.2136069926782511e-14,
    "feb_mean_cop": 1.9029926997821347,
    "feb_max_cop": 1.9053469373506637,
    "feb_min_cop": 1.8970413534526804,
    "feb_mean_idb": 22.200075693179464,
    "feb_max_idb": 22.200079674068526,
    "feb_min_idb": 22.20007481260546,
    "feb_mean_humidity_ratio": 0.007458222157998025,
    "feb_max_humidity_ratio": 0.007458222157998394,
    "feb_min_humidity_ratio": 0.007458222157997645,
    "applicable": true
  }
}