{
  "CE130": {
    "case_num": "CE130 - Low Part-Load Ratio",
    "applicable": true
  },
  "Cooling Reporting": {
    "clg_energy_consumption_total": 108.08930638089153,
    "clg_energy_consumption_compressor": 97.8807044600001,
    "clg_energy_consumption_supply_fan": 10.208601920891379,
    "clg_energy_consumption_condenser_fan": "tbd",
    "evaporator_coil_load_total": 215.9017628882422,
    "evaporator_coil_load_sensible": 215.9017628882422,
    "evaporator_coil_load_latent": 1.3386625141720288e-14,
    "zone_load_total": 205.69316096735093,
    "zone_load_sensible": 205.69316096735093,
    "zone_load_latent": 1.2661871551244986e-14,
    "feb_mean_cop": 1.9029926997821331,
    "feb_max_cop": 1.9053469373506642,
    "feb_min_cop": 1.8970413534526798,
    "feb_mean_idb": 22.200075693179468,
    "feb_max_idb": 22.20007967406852,
    "feb_min_idb": 22.2000748126055,
    "feb_mean_humidity_ratio": 0.00745822215799797,
    "feb_max_humidity_ratio": 0.007458222157998273,
    "feb_min_humidity_ratio": 0.007458222157997627,
    "applicable": true
  }
}