{
  "CE130": {
    "case_num": "CE130 - Low Part-Load Ratio",
    "applicable": true
  },
  "Cooling Reporting": {
    "clg_energy_consumption_total": 108.08904895441961,
    "clg_energy_consumption_compressor": 97.88047134123434,
    "clg_energy_consumption_supply_fan": 10.20857761318521,
    "clg_energy_consumption_condenser_fan": "tbd",
    "evaporator_coil_load_total": 215.90124038804828,
    "evaporator_coil_load_sensible": 215.90124038804825,
    "evaporator_coil_load_latent": 1.3386625141720288e-14,
    "zone_load_total": 205.69266277486324,
    "zone_load_sensible": 205.69266277486324,
    "zone_load_latent": 1.41824330057716e-14,
    "feb_mean_cop": 1.9029926228845107,
    "feb_max_cop": 1.9053467485353515,
    "feb_min_cop": 1.8970417232266983,
    "feb_mean_idb": 22.200075734867212,
    "feb_max_idb": 22.20007969868661,
    "feb_min_idb": 22.20007485330387,
    "feb_mean_humidity_ratio": 0.0074582221879717,
    "feb_max_humidity_ratio": 0.007458222187972179,
    "feb_min_humidity_ratio": 0.007458222187971436,
    "applicable": true
  }
}