{
  "CE130": {
    "case_num": "CE130 - Low Part-Load Ratio",
    "applicable": true
  },
  "Cooling Reporting": {
    "clg_energy_consumption_total": 108.04826295902052,
    "clg_energy_consumption_compressor": 97.84455309457509,
    "clg_energy_consumption_supply_fan": 10.203709864445363,
    "clg_energy_consumption_condenser_fan": "tbd",
    "evaporator_coil_load_total": 215.8968699222291,
    "evaporator_coil_load_sensible": 215.8968699222291,
    "evaporator_coil_load_latent": 1.5006662579253317e-14,
    "zone_load_total": 205.69316005778373,
    "zone_load_sensible": 205.69316005778373,
    "zone_load_latent": 1.3500311979441904e-14,
    "feb_mean_cop": 1.9037155658466907,
    "feb_max_cop": 1.9060666877538748,
    "feb_min_cop": 1.8977737949596198,
    "feb_mean_idb": 22.20007562437458,
    "feb_max_idb": 22.200079560727158,
    "feb_min_idb": 22.20007474659749,
    "feb_mean_humidity_ratio": 0.007455320344488014,
    "feb_max_humidity_ratio": 0.007455320344488479,
    "feb_min_humidity_ratio": 0.007455320344487794,
    "applicable": true
  }
}