{
  "CE130": {
    "case_num": "CE130 - Low Part-Load Ratio",
    "applicable": true
  },
  "Cooling Reporting": {
    "clg_energy_consumption_total": 108.19196332453743,
    "clg_energy_consumption_compressor": 97.97118220762034,
    "clg_energy_consumption_supply_fan": 10.220781116917088,
    "clg_energy_consumption_condenser_fan": "tbd",
    "evaporator_coil_load_total": 215.91447603745857,
    "evaporator_coil_load_sensible": 215.91447603745857,
    "evaporator_coil_load_latent": -7.531752999057062e-16,
    "zone_load_total": 205.6936949205415,
    "zone_load_sensible": 205.6936949205415,
    "zone_load_latent": 2.575006874394603e-14,
    "feb_mean_cop": 1.9011919980001981,
    "feb_max_cop": 1.9035389413291248,
    "feb_min_cop": 1.8952572942868922,
    "feb_mean_idb": 22.200075859560222,
    "feb_max_idb": 22.20007981049667,
    "feb_min_idb": 22.200074979366047,
    "feb_mean_humidity_ratio": 0.007402832375273086,
    "feb_max_humidity_ratio": 0.007402832375273423,
    "feb_min_humidity_ratio": 0.00740283237527275,
    "applicable": true
  }
}