{
  "280": {
    "case_num": "280 - Cavity Albedo",
    "applicable": true
  },
  "Envelope Reporting": {
    "annual_heating": 4.655555555555556,
    "annual_cooling": 5.502777777777777,
    "peak_heating_value": 3.025601022154243,
    "peak_heating_time": "04-JAN-05:00",
    "peak_cooling_value": 4.715062794632138,
    "peak_cooling_time": "17-OCT-12:45",
    "sens_htg_clg_0104": "[\"January 4January 4\", \"HeatingCooling\", 0.0, 0.0, 0.0, 0.0, 0.0, 0.0, 0.0, 0.0, 0.0, 0.0, 0.0, 0.0, 0.0, 0.0, 0.0, 0.0, 0.0, 0.0, 0.0, 0.0, 0.0, 0.0, 0.0, 0.0]",
    "temp_0104": "[\"January 4\", 0.0, 0.0, 0.0, 0.0, 0.0, 0.0, 0.0, 0.0, 0.0, 0.0, 0.0, 0.0, 0.0, 0.0, 0.0, 0.0, 0.0, 0.0, 0.0, 0.0, 0.0, 0.0, 0.0, 0.0]",
    "temp_0727": "[\"July 27\", 0.0, 0.0, 0.0, 0.0, 0.0, 0.0, 0.0, 0.0, 0.0, 0.0, 0.0, 0.0, 0.0, 0.0, 0.0, 0.0, 0.0, 0.0, 0.0, 0.0, 0.0, 0.0, 0.0, 0.0]",
    "temp_bins": "[0, 0, 0, 0, 0, 0, 0, 0, 0, 0, 0, 0, 0, 0, 0, 0, 0, 0, 0, 0, 0, 0, 0, 0, 0, 0, 0, 0, 0, 0, 0, 0, 0, 0, 0, 0, 0, 0, 0, 1467, 7293, 0, 0, 0, 0, 0, 0, 0, 0, 0, 0, 0, 0, 0, 0, 0, 0, 0, 0, 0, 0, 0, 0, 0, 0, 0, 0, 0, 0, 0, 0, 0, 0, 0, 0, 0, 0, 0, 0, 0, 0, 0, 0, 0, 0, 0, 0, 0, 0, 0, 0]",
    "min_temp": 19.99999999999956,
    "min_index_position": 780,
    "max_temp": 20.00000000000044,
    "max_index_position": 8180,
    "avg_temp": 20.000000000000004,
    "applicable": true
  }
}