{
  "280": {
    "case_num": "280 - Cavity Albedo",
    "applicable": true
  },
  "Envelope Reporting": {
    "annual_heating": 4.655555555555556,
    "annual_cooling": 5.502777777777777,
    "peak_heating_value": 3.025601022154243,
    "peak_heating_time": "04-JAN-05:00",
    "peak_cooling_value": 4.715062794632138,
    "peak_cooling_time": "17-OCT-12:45",
    "sens_htg_clg_0104": "[\"January 4January 4\", \"HeatingCooling\", 2.87, 2.96, 3.0, 3.02, 3.03, 3.02, 3.02, 2.78, 1.76, 0.66, -0.65, -1.93, -2.53, -2.55, -2.08, -1.07, 0.29000000000000004, 1.44, 2.09, 2.42, 2.59, 2.69, 2.69, 2.68]",
    "temp_0104": "[\"January 4\", 20.0, 20.0, 20.0, 20.0, 20.0, 20.0, 20.0, 20.0, 20.0, 20.0, 20.0, 20.0, 20.0, 20.0, 20.0, 20.0, 20.0, 20.0, 20.0, 20.0, 20.0, 20.0, 20.0, 20.0]",
    "temp_0727": "[\"July 27\", 20.0, 20.0, 20.0, 20.0, 20.0, 20.0, 20.0, 20.0, 20.0, 20.0, 20.0, 20.0, 20.0, 20.0, 20.0, 20.0, 20.0, 20.0, 20.0, 20.0, 20.0, 20.0, 20.0, 20.0]",
    "temp_bins": "[0, 0, 0, 0, 0, 0, 0, 0, 0, 0, 0, 0, 0, 0, 0, 0, 0, 0, 0, 0, 0, 0, 0, 0, 0, 0, 0, 0, 0, 0, 0, 0, 0, 0, 0, 0, 0, 0, 0, 1467, 7293, 0, 0, 0, 0, 0, 0, 0, 0, 0, 0, 0, 0, 0, 0, 0, 0, 0, 0, 0, 0, 0, 0, 0, 0, 0, 0, 0, 0, 0, 0, 0, 0, 0, 0, 0, 0, 0, 0, 0, 0, 0, 0, 0, 0, 0, 0, 0, 0, 0, 0]",
    "min_temp": 19.99999999999956,
    "min_index_position": 780,
    "max_temp": 20.00000000000044,
    "max_index_position": 8180,
    "avg_temp": 20.000000000000004,
    "applicable": true
  }
}