{
  "280": {
    "case_num": "280 - Cavity Albedo",
    "applicable": true
  },
  "Envelope Reporting": {
    "annual_heating": 4.649999999999999,
    "annual_cooling": 5.5,
    "peak_heating_value": 3.0238052326182348,
    "peak_heating_time": "04-JAN-05:00",
    "peak_cooling_value": 4.712584509270329,
    "peak_cooling_time": "17-OCT-12:45",
    "sens_htg_clg_0104": "[\"January 4January 4\", \"HeatingCooling\", 2.87, 2.96, 3.0, 3.01, 3.02, 3.02, 3.02, 2.78, 1.76, 0.66, -0.65, -1.93, -2.52, -2.55, -2.08, -1.07, 0.29000000000000004, 1.44, 2.09, 2.42, 2.59, 2.68, 2.69, 2.68]",
    "temp_0104": "[\"January 4\", 20.0, 20.0, 20.0, 20.0, 20.0, 20.0, 20.0, 20.0, 20.0, 20.0, 20.0, 20.0, 20.0, 20.0, 20.0, 20.0, 20.0, 20.0, 20.0, 20.0, 20.0, 20.0, 20.0, 20.0]",
    "temp_0727": "[\"July 27\", 20.0, 20.0, 20.0, 20.0, 20.0, 20.0, 20.0, 20.0, 20.0, 20.0, 20.0, 20.0, 20.0, 20.0, 20.0, 20.0, 20.0, 20.0, 20.0, 20.0, 20.0, 20.0, 20.0, 20.0]",
    "temp_bins": "[0, 0, 0, 0, 0, 0, 0, 0, 0, 0, 0, 0, 0, 0, 0, 0, 0, 0, 0, 0, 0, 0, 0, 0, 0, 0, 0, 0, 0, 0, 0, 0, 0, 0, 0, 0, 0, 0, 0, 1490, 7270, 0, 0, 0, 0, 0, 0, 0, 0, 0, 0, 0, 0, 0, 0, 0, 0, 0, 0, 0, 0, 0, 0, 0, 0, 0, 0, 0, 0, 0, 0, 0, 0, 0, 0, 0, 0, 0, 0, 0, 0, 0, 0, 0, 0, 0, 0, 0, 0, 0, 0]",
    "min_temp": 19.999999999999613,
    "min_index_position": 301,
    "max_temp": 20.000000000000416,
    "max_index_position": 8677,
    "avg_temp": 20.0,
    "applicable": true
  }
}