{
  "280": {
    "case_num": "280 - Cavity Albedo",
    "applicable": true
  },
  "Envelope Reporting": {
    "annual_heating": 4.655555555555556,
    "annual_cooling": 5.5055555555555555,
    "peak_heating_value": 3.0256057371909497,
    "peak_heating_time": "04-JAN-05:00",
    "peak_cooling_value": 4.715090187689882,
    "peak_cooling_time": "17-OCT-12:45",
    "sens_htg_clg_0104": "[\"January 4January 4\", \"HeatingCooling\", 2.87, 2.96, 3.0, 3.02, 3.03, 3.02, 3.02, 2.78, 1.76, 0.66, -0.66, -1.93, -2.53, -2.55, -2.08, -1.07, 0.29000000000000004, 1.44, 2.09, 2.42, 2.59, 2.69, 2.69, 2.68]",
    "temp_0104": "[\"January 4\", 20.0, 20.0, 20.0, 20.0, 20.0, 20.0, 20.0, 20.0, 20.0, 20.0, 20.0, 20.0, 20.0, 20.0, 20.0, 20.0, 20.0, 20.0, 20.0, 20.0, 20.0, 20.0, 20.0, 20.0]",
    "temp_0727": "[\"July 27\", 20.0, 20.0, 20.0, 20.0, 20.0, 20.0, 20.0, 20.0, 20.0, 20.0, 20.0, 20.0, 20.0, 20.0, 20.0, 20.0, 20.0, 20.0, 20.0, 20.0, 20.0, 20.0, 20.0, 20.0]",
    "temp_bins": "[0, 0, 0, 0, 0, 0, 0, 0, 0, 0, 0, 0, 0, 0, 0, 0, 0, 0, 0, 0, 0, 0, 0, 0, 0, 0, 0, 0, 0, 0, 0, 0, 0, 0, 0, 0, 0, 0, 0, 427, 8333, 0, 0, 0, 0, 0, 0, 0, 0, 0, 0, 0, 0, 0, 0, 0, 0, 0, 0, 0, 0, 0, 0, 0, 0, 0, 0, 0, 0, 0, 0, 0, 0, 0, 0, 0, 0, 0, 0, 0, 0, 0, 0, 0, 0, 0, 0, 0, 0, 0, 0]",
    "min_temp": 19.999999999999993,
    "min_index_position": 764,
    "max_temp": 20.000000000000007,
    "max_index_position": 8132,
    "avg_temp": 20.0,
    "applicable": true
  }
}