{
  "CE160": {
    "case_num": "CE160 - Increased Thermostat Setpoint at High Sensible Heat Ratio",
    "applicable": true
  },
  "Cooling Reporting": {
    "clg_energy_consumption_total": 1132.2147685819382,
    "clg_energy_consumption_compressor": 1003.836767753448,
    "clg_energy_consumption_supply_fan": 128.3780008284903,
    "clg_energy_consumption_condenser_fan": "tbd",
    "evaporator_coil_load_total": 4490.47184352613,
    "evaporator_coil_load_sensible": 3751.271317075891,
    "evaporator_coil_load_latent": 739.2005264502469,
    "zone_load_total": 4362.093842697644,
    "zone_load_sensible": 3629.9304887889807,
    "zone_load_latent": 732.1633539086603,
    "feb_mean_cop": 3.8527088355869292,
    "feb_max_cop": 3.857432321046879,
    "feb_min_cop": 3.847357494182336,
    "feb_mean_idb": 26.67241362937155,
    "feb_max_idb": 26.674975382312617,
    "feb_min_idb": 26.669761903247487,
    "feb_mean_humidity_ratio": 0.01024079538449146,
    "feb_max_humidity_ratio": 0.010269075889089655,
    "feb_min_humidity_ratio": 0.010153000872123185,
    "applicable": true
  }
}