{
  "CE160": {
    "case_num": "CE160 - Increased Thermostat Setpoint at High Sensible Heat Ratio",
    "applicable": true
  },
  "Cooling Reporting": {
    "clg_energy_consumption_total": 1132.2150339197112,
    "clg_energy_consumption_compressor": 1003.8369922844979,
    "clg_energy_consumption_supply_fan": 128.37804163521076,
    "clg_energy_consumption_condenser_fan": "tbd",
    "evaporator_coil_load_total": 4490.472475963457,
    "evaporator_coil_load_sensible": 3751.271949085257,
    "evaporator_coil_load_latent": 739.2005268782036,
    "zone_load_total": 4362.094434328245,
    "zone_load_sensible": 3629.931078499803,
    "zone_load_latent": 732.1633558284427,
    "feb_mean_cop": 3.852708455236405,
    "feb_max_cop": 3.857431996060696,
    "feb_min_cop": 3.847359299922825,
    "feb_mean_idb": 26.672402823309294,
    "feb_max_idb": 26.674949395023727,
    "feb_min_idb": 26.66974345668756,
    "feb_mean_humidity_ratio": 0.010240790218782972,
    "feb_max_humidity_ratio": 0.010269061455561907,
    "feb_min_humidity_ratio": 0.010152996962827782,
    "applicable": true
  }
}