{
  "CE160": {
    "case_num": "CE160 - Increased Thermostat Setpoint at High Sensible Heat Ratio",
    "applicable": true
  },
  "Cooling Reporting": {
    "clg_energy_consumption_total": 1132.2147685819396,
    "clg_energy_consumption_compressor": 1003.8367677534476,
    "clg_energy_consumption_supply_fan": 128.3780008284903,
    "clg_energy_consumption_condenser_fan": "tbd",
    "evaporator_coil_load_total": 4490.471843526129,
    "evaporator_coil_load_sensible": 3751.2713170758843,
    "evaporator_coil_load_latent": 739.2005264502478,
    "zone_load_total": 4362.093842697639,
    "zone_load_sensible": 3629.9304887889803,
    "zone_load_latent": 732.1633539086606,
    "feb_mean_cop": 3.852708835586921,
    "feb_max_cop": 3.857432321046877,
    "feb_min_cop": 3.8473574941823268,
    "feb_mean_idb": 26.672413629371494,
    "feb_max_idb": 26.674975382312127,
    "feb_min_idb": 26.669761903247675,
    "feb_mean_humidity_ratio": 0.010240795384491462,
    "feb_max_humidity_ratio": 0.0102690758890896,
    "feb_min_humidity_ratio": 0.010153000872123202,
    "applicable": true
  }
}