{
  "CE160": {
    "case_num": "CE160 - Increased Thermostat Setpoint at High Sensible Heat Ratio",
    "applicable": true
  },
  "Cooling Reporting": {
    "clg_energy_consumption_total": 1132.5378518976438,
    "clg_energy_consumption_compressor": 1004.0983239922036,
    "clg_energy_consumption_supply_fan": 128.43952790544014,
    "clg_energy_consumption_condenser_fan": "tbd",
    "evaporator_coil_load_total": 4490.505146977746,
    "evaporator_coil_load_sensible": 3751.304674226431,
    "evaporator_coil_load_latent": 739.2004727513105,
    "zone_load_total": 4362.065619072307,
    "zone_load_sensible": 3629.8986341929226,
    "zone_load_latent": 732.166984879386,
    "feb_mean_cop": 3.851584838213902,
    "feb_max_cop": 3.856265766998998,
    "feb_min_cop": 3.8461980057243466,
    "feb_mean_idb": 26.700033554506717,
    "feb_max_idb": 26.700037242823868,
    "feb_min_idb": 26.70003082824376,
    "feb_mean_humidity_ratio": 0.010187543942233214,
    "feb_max_humidity_ratio": 0.01021479425240241,
    "feb_min_humidity_ratio": 0.010099804984660983,
    "applicable": true
  }
}