{
  "CE160": {
    "case_num": "CE160 - Increased Thermostat Setpoint at High Sensible Heat Ratio",
    "applicable": true
  },
  "Cooling Reporting": {
    "clg_energy_consumption_total": 1131.9722187121438,
    "clg_energy_consumption_compressor": 1003.6400390978265,
    "clg_energy_consumption_supply_fan": 128.33217961431728,
    "clg_energy_consumption_condenser_fan": "tbd",
    "evaporator_coil_load_total": 4490.4227725820765,
    "evaporator_coil_load_sensible": 3751.2222392745507,
    "evaporator_coil_load_latent": 739.200533307528,
    "zone_load_total": 4362.090592967758,
    "zone_load_sensible": 3629.9303748344814,
    "zone_load_latent": 732.1602181332787,
    "feb_mean_cop": 3.853531492080744,
    "feb_max_cop": 3.858252101332612,
    "feb_min_cop": 3.848190636566972,
    "feb_mean_idb": 26.672400730532082,
    "feb_max_idb": 26.674960111560228,
    "feb_min_idb": 26.669748367947868,
    "feb_mean_humidity_ratio": 0.01023758718680922,
    "feb_max_humidity_ratio": 0.01026583279083601,
    "feb_min_humidity_ratio": 0.010149807236451806,
    "applicable": true
  }
}