{
  "960": {
    "case_num": "960 - Sunspace",
    "applicable": true
  },
  "Envelope Reporting": {
    "annual_heating": 2.4305555555555554,
    "annual_cooling": 0.6333333333333333,
    "peak_heating_value": 2.697441303138956,
    "peak_heating_time": "04-JAN-07:45",
    "peak_cooling_value": 1.1415789481703906,
    "peak_cooling_time": "16-AUG-14:45",
    "sens_htg_clg_0104": "[\"January 4January 4\", \"HeatingCooling\", 2.47, 2.56, 2.61, 2.63, 2.64, 2.65, 2.68, 2.7, 2.6, 2.4, 2.18, 2.01, 1.95, 1.79, 1.66, 1.62, 1.73, 1.9, 2.01, 2.03, 2.04, 2.05, 2.04, 2.05]",
    "temp_0104": "[\"January 4\", 6.1, 5.4, 4.9, 4.4, 3.9, 3.4, 3.0, 3.2, 6.1, 10.2, 15.8, 19.9, 22.7, 24.6, 25.1, 23.8, 20.2, 17.6, 16.1, 15.1, 14.1, 13.1, 12.4, 11.8]",
    "temp_0727": "[\"July 27\", 33.5, 32.9, 32.3, 31.8, 31.3, 31.1, 31.6, 32.5, 33.7, 35.4, 37.0, 38.6, 40.0, 40.7, 40.8, 40.2, 39.6, 38.9, 37.8, 37.0, 36.4, 35.7, 35.0, 34.4]",
    "temp_bins": "[0, 0, 0, 0, 0, 0, 0, 0, 0, 0, 0, 0, 0, 0, 0, 0, 0, 0, 0, 0, 0, 0, 5, 9, 12, 13, 10, 9, 22, 25, 23, 34, 37, 57, 68, 80, 105, 132, 177, 211, 257, 266, 320, 368, 383, 400, 430, 458, 476, 481, 488, 483, 432, 395, 353, 304, 227, 235, 194, 198, 138, 117, 82, 70, 55, 45, 41, 13, 14, 3, 3, 2, 0, 0, 0, 0, 0, 0, 0, 0, 0, 0, 0, 0, 0, 0, 0, 0, 0, 0, 0]",
    "min_temp": 2.1432109608683296,
    "min_index_position": 870,
    "max_temp": 51.467675909417984,
    "max_index_position": 6950,
    "avg_temp": 28.783127883343518,
    "applicable": true
  }
}