{
  "960": {
    "case_num": "960 - Sunspace",
    "applicable": true
  },
  "Envelope Reporting": {
    "annual_heating": 2.4305555555555554,
    "annual_cooling": 0.6333333333333333,
    "peak_heating_value": 2.697441303139571,
    "peak_heating_time": "04-JAN-07:45",
    "peak_cooling_value": 1.1415789481693333,
    "peak_cooling_time": "16-AUG-14:45",
    "sens_htg_clg_0104": "[\"January 4January 4\", \"HeatingCooling\", 0.0, 0.0, 0.0, 0.0, 0.0, 0.0, 0.0, 0.0, 0.0, 0.0, 0.0, 0.0, 0.0, 0.0, 0.0, 0.0, 0.0, 0.0, 0.0, 0.0, 0.0, 0.0, 0.0, 0.0]",
    "temp_0104": "[\"January 4\", 0.0, 0.0, 0.0, 0.0, 0.0, 0.0, 0.0, 0.0, 0.0, 0.0, 0.0, 0.0, 0.0, 0.0, 0.0, 0.0, 0.0, 0.0, 0.0, 0.0, 0.0, 0.0, 0.0, 0.0]",
    "temp_0727": "[\"July 27\", 0.0, 0.0, 0.0, 0.0, 0.0, 0.0, 0.0, 0.0, 0.0, 0.0, 0.0, 0.0, 0.0, 0.0, 0.0, 0.0, 0.0, 0.0, 0.0, 0.0, 0.0, 0.0, 0.0, 0.0]",
    "temp_bins": "[0, 0, 0, 0, 0, 0, 0, 0, 0, 0, 0, 0, 0, 0, 0, 0, 0, 0, 0, 0, 0, 0, 5, 9, 12, 13, 10, 9, 22, 25, 23, 34, 37, 57, 68, 80, 105, 132, 177, 211, 257, 266, 320, 368, 383, 400, 430, 458, 476, 481, 488, 483, 432, 395, 353, 304, 227, 235, 194, 198, 138, 117, 82, 70, 55, 45, 41, 13, 14, 3, 3, 2, 0, 0, 0, 0, 0, 0, 0, 0, 0, 0, 0, 0, 0, 0, 0, 0, 0, 0, 0]",
    "min_temp": 2.1432109608623895,
    "min_index_position": 870,
    "max_temp": 51.467675909355734,
    "max_index_position": 6950,
    "avg_temp": 28.78312788332187,
    "applicable": true
  }
}