{
  "900FF": {
    "case_num": "900FF",
    "applicable": true
  },
  "Envelope Reporting": {
    "annual_heating": 0.0,
    "annual_cooling": 0.0,
    "temp_0104": "[\"January 4\", 0.0, 0.0, 0.0, 0.0, 0.0, 0.0, 0.0, 0.0, 0.0, 0.0, 0.0, 0.0, 0.0, 0.0, 0.0, 0.0, 0.0, 0.0, 0.0, 0.0, 0.0, 0.0, 0.0, 0.0]",
    "temp_0727": "[\"July 27\", 0.0, 0.0, 0.0, 0.0, 0.0, 0.0, 0.0, 0.0, 0.0, 0.0, 0.0, 0.0, 0.0, 0.0, 0.0, 0.0, 0.0, 0.0, 0.0, 0.0, 0.0, 0.0, 0.0, 0.0]",
    "temp_bins": "[0, 0, 0, 0, 0, 0, 0, 0, 0, 0, 0, 0, 0, 0, 0, 0, 0, 2, 5, 5, 8, 14, 14, 19, 16, 20, 23, 31, 30, 46, 51, 62, 99, 118, 141, 164, 184, 232, 268, 322, 330, 371, 384, 397, 368, 416, 402, 472, 435, 440, 446, 407, 358, 336, 318, 250, 199, 188, 132, 106, 73, 40, 15, 3, 0, 0, 0, 0, 0, 0, 0, 0, 0, 0, 0, 0, 0, 0, 0, 0, 0, 0, 0, 0, 0, 0, 0, 0, 0, 0, 0]",
    "min_temp": -2.5959506894660147,
    "min_index_position": 79,
    "max_temp": 43.16371207418154,
    "max_index_position": 5870,
    "avg_temp": 26.006386686392226,
    "applicable": true
  }
}