{
  "900FF": {
    "case_num": "900FF",
    "applicable": true
  },
  "Envelope Reporting": {
    "annual_heating": 0.0,
    "annual_cooling": 0.0,
    "temp_0104": "[\"January 4\", 0.7, 0.1, -0.5, -0.9, -1.5, -1.9, -2.4, -2.6, -1.6, 0.2, 3.0, 5.5, 7.6, 9.3, 10.1, 9.9, 8.4, 6.9, 5.9, 5.2, 4.5, 3.9, 3.4, 2.9]",
    "temp_0727": "[\"July 27\", 35.5, 35.0, 34.6, 34.2, 33.8, 33.6, 33.8, 34.3, 35.2, 36.3, 37.3, 38.3, 39.2, 39.8, 40.0, 39.9, 39.7, 39.3, 38.6, 38.1, 37.7, 37.3, 36.8, 36.4]",
    "temp_bins": "[0, 0, 0, 0, 0, 0, 0, 0, 0, 0, 0, 0, 0, 0, 0, 0, 0, 2, 5, 5, 8, 14, 14, 19, 16, 20, 23, 31, 30, 46, 52, 62, 98, 120, 140, 163, 184, 232, 270, 321, 330, 372, 383, 397, 367, 418, 401, 472, 436, 439, 447, 406, 359, 335, 318, 249, 199, 188, 132, 106, 73, 40, 15, 3, 0, 0, 0, 0, 0, 0, 0, 0, 0, 0, 0, 0, 0, 0, 0, 0, 0, 0, 0, 0, 0, 0, 0, 0, 0, 0, 0]",
    "min_temp": -2.599614226803351,
    "min_index_position": 79,
    "max_temp": 43.16399851530802,
    "max_index_position": 5870,
    "avg_temp": 26.003954809436912,
    "applicable": true
  }
}