{
  "900FF": {
    "case_num": "900FF",
    "applicable": true
  },
  "Envelope Reporting": {
    "temp_0104": "[\"January 4\", 0.7, 0.1, -0.5, -0.9, -1.4, -1.9, -2.4, -2.6, -1.6, 0.2, 3.0, 5.5, 7.6, 9.3, 10.1, 9.9, 8.4, 6.9, 5.9, 5.2, 4.5, 3.9, 3.4, 2.9]",
    "temp_0727": "[\"July 27\", 35.5, 35.0, 34.6, 34.2, 33.8, 33.6, 33.8, 34.3, 35.2, 36.3, 37.3, 38.3, 39.2, 39.8, 40.0, 39.9, 39.7, 39.3, 38.6, 38.1, 37.7, 37.3, 36.8, 36.4]",
    "temp_bins": "[0, 0, 0, 0, 0, 0, 0, 0, 0, 0, 0, 0, 0, 0, 0, 0, 0, 2, 5, 5, 8, 14, 13, 20, 16, 20, 23, 31, 29, 45, 52, 63, 99, 115, 141, 165, 185, 230, 268, 324, 327, 374, 379, 399, 369, 412, 407, 467, 433, 443, 450, 406, 358, 337, 318, 251, 198, 189, 133, 106, 72, 41, 15, 3, 0, 0, 0, 0, 0, 0, 0, 0, 0, 0, 0, 0, 0, 0, 0, 0, 0, 0, 0, 0, 0, 0, 0, 0, 0, 0, 0]",
    "min_temp": -2.5924241426618195,
    "min_index_position": 79,
    "max_temp": 43.16986151588879,
    "max_index_position": 5870,
    "avg_temp": 26.017347591800803,
    "annual_heating": 0.0,
    "annual_cooling": 0.0,
    "applicable": true
  }
}