{
  "CE120": {
    "case_num": "CE120 - Increased Thermostat Setpoint",
    "applicable": true
  },
  "Cooling Reporting": {
    "clg_energy_consumption_total": 1006.6195260441409,
    "clg_energy_consumption_compressor": 890.1842408540067,
    "clg_energy_consumption_supply_fan": 116.43528519013354,
    "clg_energy_consumption_condenser_fan": "tbd",
    "evaporator_coil_load_total": 3746.3332291010884,
    "evaporator_coil_load_sensible": 3746.333229101088,
    "evaporator_coil_load_latent": 1.9053914002142846e-13,
    "zone_load_total": 3629.897943910956,
    "zone_load_sensible": 3629.897943910957,
    "zone_load_latent": 1.5006662579253317e-13,
    "feb_mean_cop": 3.6060277493085127,
    "feb_max_cop": 3.6090283211728,
    "feb_min_cop": 3.5998237676587346,
    "feb_mean_idb": 26.700056914902706,
    "feb_max_idb": 26.700062501388967,
    "feb_min_idb": 26.700052061104273,
    "feb_mean_humidity_ratio": 0.008011511199010156,
    "feb_max_humidity_ratio": 0.00801151119901037,
    "feb_min_humidity_ratio": 0.008011511199010102,
    "applicable": true
  }
}