{
  "CE120": {
    "case_num": "CE120 - Increased Thermostat Setpoint",
    "applicable": true
  },
  "Cooling Reporting": {
    "clg_energy_consumption_total": 1006.6194748106897,
    "clg_energy_consumption_compressor": 890.1841955600055,
    "clg_energy_consumption_supply_fan": 116.43527925068412,
    "clg_energy_consumption_condenser_fan": "tbd",
    "evaporator_coil_load_total": 3746.332999398053,
    "evaporator_coil_load_sensible": 3746.332999398052,
    "evaporator_coil_load_latent": 2.112301444867626e-13,
    "zone_load_total": 3629.8977201473676,
    "zone_load_sensible": 3629.8977201473676,
    "zone_load_latent": 1.9554136088117957e-13,
    "feb_mean_cop": 3.6060277105507277,
    "feb_max_cop": 3.6090259409095915,
    "feb_min_cop": 3.5998254776133427,
    "feb_mean_idb": 26.70005693846512,
    "feb_max_idb": 26.700062532876565,
    "feb_min_idb": 26.700052113698025,
    "feb_mean_humidity_ratio": 0.008011511199638527,
    "feb_max_humidity_ratio": 0.008011511199638648,
    "feb_min_humidity_ratio": 0.008011511199638409,
    "applicable": true
  }
}