{
  "CE120": {
    "case_num": "CE120 - Increased Thermostat Setpoint",
    "applicable": true
  },
  "Cooling Reporting": {
    "clg_energy_consumption_total": 1006.3121486987044,
    "clg_energy_consumption_compressor": 889.9323559538523,
    "clg_energy_consumption_supply_fan": 116.37979274485303,
    "clg_energy_consumption_condenser_fan": "tbd",
    "evaporator_coil_load_total": 3746.278228084811,
    "evaporator_coil_load_sensible": 3746.278228084811,
    "evaporator_coil_load_latent": 1.9554136088117957e-13,
    "zone_load_total": 3629.898435339955,
    "zone_load_sensible": 3629.898435339955,
    "zone_load_latent": 1.7621459846850485e-13,
    "feb_mean_cop": 3.607129696321263,
    "feb_max_cop": 3.6101264751978,
    "feb_min_cop": 3.600938944759877,
    "feb_mean_idb": 26.7000570169185,
    "feb_max_idb": 26.70006260615895,
    "feb_min_idb": 26.700052163818096,
    "feb_mean_humidity_ratio": 0.00800670461678982,
    "feb_max_humidity_ratio": 0.00800670461679005,
    "feb_min_humidity_ratio": 0.008006704616789805,
    "applicable": true
  }
}