{
  "CE120": {
    "case_num": "CE120 - Increased Thermostat Setpoint",
    "applicable": true
  },
  "Cooling Reporting": {
    "clg_energy_consumption_total": 1007.425008195639,
    "clg_energy_consumption_compressor": 890.8451070869971,
    "clg_energy_consumption_supply_fan": 116.57990110864036,
    "clg_energy_consumption_condenser_fan": "tbd",
    "evaporator_coil_load_total": 3746.478508718519,
    "evaporator_coil_load_sensible": 3746.478508718519,
    "evaporator_coil_load_latent": 7.73070496506989e-15,
    "zone_load_total": 3629.898607609873,
    "zone_load_sensible": 3629.898607609872,
    "zone_load_latent": 3.560671757441014e-13,
    "feb_mean_cop": 3.603145224785762,
    "feb_max_cop": 3.606139701400966,
    "feb_min_cop": 3.596957307478622,
    "feb_mean_idb": 26.70005664415365,
    "feb_max_idb": 26.70006221605065,
    "feb_min_idb": 26.700051821310147,
    "feb_mean_humidity_ratio": 0.007938472085116667,
    "feb_max_humidity_ratio": 0.007938472085116768,
    "feb_min_humidity_ratio": 0.007938472085116551,
    "applicable": true
  }
}