{
  "920": {
    "case_num": "920 - High-Mass East/West Window Orientation",
    "applicable": true
  },
  "Envelope Reporting": {
    "annual_heating": 3.1916666666666664,
    "annual_cooling": 2.55,
    "peak_heating_value": 3.4821257913911756,
    "peak_heating_time": "04-JAN-07:15",
    "peak_cooling_value": 2.7784741856438893,
    "peak_cooling_time": "26-JUL-17:00",
    "sens_htg_clg_0104": "[\"January 4January 4\", \"HeatingCooling\", 3.23, 3.32, 3.36, 3.39, 3.43, 3.45, 3.48, 3.36, 2.94, 2.61, 2.36, 2.34, 2.31, 2.07, 1.82, 1.76, 2.06, 2.39, 2.53, 2.6, 2.69, 2.75, 2.77, 2.8]",
    "temp_0104": "[\"January 4\", 20.0, 20.0, 20.0, 20.0, 20.0, 20.0, 20.0, 20.0, 20.0, 20.0, 20.0, 20.0, 20.0, 20.0, 20.0, 20.0, 20.0, 20.0, 20.0, 20.0, 20.0, 20.0, 20.0, 20.0]",
    "temp_0727": "[\"July 27\", 27.0, 27.0, 27.0, 27.0, 27.0, 27.0, 27.0, 27.0, 27.0, 27.0, 27.0, 27.0, 27.0, 27.0, 27.0, 27.0, 27.0, 27.0, 27.0, 27.0, 27.0, 27.0, 27.0, 27.0]",
    "zone_total_transmitted_solar_radiation": 723.5719846426737,
    "temp_bins": "[0, 0, 0, 0, 0, 0, 0, 0, 0, 0, 0, 0, 0, 0, 0, 0, 0, 0, 0, 0, 0, 0, 0, 0, 0, 0, 0, 0, 0, 0, 0, 0, 0, 0, 0, 0, 0, 0, 0, 928, 2828, 316, 292, 315, 350, 448, 1669, 1614, 0, 0, 0, 0, 0, 0, 0, 0, 0, 0, 0, 0, 0, 0, 0, 0, 0, 0, 0, 0, 0, 0, 0, 0, 0, 0, 0, 0, 0, 0, 0, 0, 0, 0, 0, 0, 0, 0, 0, 0, 0, 0, 0]",
    "min_temp": 19.999999999999627,
    "min_index_position": 8192,
    "max_temp": 27.000000000000213,
    "max_index_position": 5028,
    "avg_temp": 23.338681435118694,
    "applicable": true
  }
}