{
  "230": {
    "case_num": "230 - Infiltration",
    "applicable": true
  },
  "Envelope Reporting": {
    "annual_heating": 10.905555555555555,
    "annual_cooling": 0.6972222222222222,
    "peak_heating_value": 5.066919893175531,
    "peak_heating_time": "04-JAN-07:15",
    "peak_cooling_value": 1.4068113749405895,
    "peak_cooling_time": "27-JUL-15:00",
    "sens_htg_clg_0104": "[\"January 4January 4\", \"HeatingCooling\", 4.87, 5.02, 5.05, 5.04, 5.07, 5.07, 5.06, 5.05, 4.9, 4.64, 4.26, 3.98, 3.85, 3.63, 3.51, 3.63, 3.92, 4.27, 4.49, 4.54, 4.58, 4.61, 4.55, 4.5]",
    "temp_0104": "[\"January 4\", 20.0, 20.0, 20.0, 20.0, 20.0, 20.0, 20.0, 20.0, 20.0, 20.0, 20.0, 20.0, 20.0, 20.0, 20.0, 20.0, 20.0, 20.0, 20.0, 20.0, 20.0, 20.0, 20.0, 20.0]",
    "temp_0727": "[\"July 27\", 20.0, 20.0, 20.0, 20.0, 20.0, 20.0, 20.0, 20.0, 20.0, 20.0, 20.0, 20.0, 20.0, 20.0, 20.0, 20.0, 20.0, 20.0, 20.0, 20.0, 20.0, 20.0, 20.0, 20.0]",
    "temp_bins": "[0, 0, 0, 0, 0, 0, 0, 0, 0, 0, 0, 0, 0, 0, 0, 0, 0, 0, 0, 0, 0, 0, 0, 0, 0, 0, 0, 0, 0, 0, 0, 0, 0, 0, 0, 0, 0, 0, 0, 2282, 6478, 0, 0, 0, 0, 0, 0, 0, 0, 0, 0, 0, 0, 0, 0, 0, 0, 0, 0, 0, 0, 0, 0, 0, 0, 0, 0, 0, 0, 0, 0, 0, 0, 0, 0, 0, 0, 0, 0, 0, 0, 0, 0, 0, 0, 0, 0, 0, 0, 0, 0]",
    "min_temp": 19.999999999999513,
    "min_index_position": 7493,
    "max_temp": 20.00000000000105,
    "max_index_position": 74,
    "avg_temp": 20.000000000000004,
    "applicable": true
  }
}