{
  "230": {
    "case_num": "230 - Infiltration",
    "applicable": true
  },
  "Envelope Reporting": {
    "annual_heating": 10.897222222222222,
    "annual_cooling": 0.6944444444444444,
    "peak_heating_value": 5.063549452763455,
    "peak_heating_time": "04-JAN-07:15",
    "peak_cooling_value": 1.4063988346602008,
    "peak_cooling_time": "27-JUL-15:00",
    "sens_htg_clg_0104": "[\"January 4January 4\", \"HeatingCooling\", 4.87, 5.01, 5.05, 5.04, 5.06, 5.06, 5.06, 5.05, 4.9, 4.64, 4.26, 3.98, 3.85, 3.63, 3.51, 3.62, 3.92, 4.26, 4.49, 4.53, 4.57, 4.6, 4.55, 4.49]",
    "temp_0104": "[\"January 4\", 20.0, 20.0, 20.0, 20.0, 20.0, 20.0, 20.0, 20.0, 20.0, 20.0, 20.0, 20.0, 20.0, 20.0, 20.0, 20.0, 20.0, 20.0, 20.0, 20.0, 20.0, 20.0, 20.0, 20.0]",
    "temp_0727": "[\"July 27\", 20.0, 20.0, 20.0, 20.0, 20.0, 20.0, 20.0, 20.0, 20.0, 20.0, 20.0, 20.0, 20.0, 20.0, 20.0, 20.0, 20.0, 20.0, 20.0, 20.0, 20.0, 20.0, 20.0, 20.0]",
    "temp_bins": "[0, 0, 0, 0, 0, 0, 0, 0, 0, 0, 0, 0, 0, 0, 0, 0, 0, 0, 0, 0, 0, 0, 0, 0, 0, 0, 0, 0, 0, 0, 0, 0, 0, 0, 0, 0, 0, 0, 0, 2237, 6523, 0, 0, 0, 0, 0, 0, 0, 0, 0, 0, 0, 0, 0, 0, 0, 0, 0, 0, 0, 0, 0, 0, 0, 0, 0, 0, 0, 0, 0, 0, 0, 0, 0, 0, 0, 0, 0, 0, 0, 0, 0, 0, 0, 0, 0, 0, 0, 0, 0, 0]",
    "min_temp": 19.999999999999574,
    "min_index_position": 8692,
    "max_temp": 20.000000000000878,
    "max_index_position": 74,
    "avg_temp": 20.000000000000004,
    "applicable": true
  }
}