{
  "230": {
    "case_num": "230 - Infiltration",
    "applicable": true
  },
  "Envelope Reporting": {
    "annual_heating": 10.902777777777777,
    "annual_cooling": 0.6944444444444444,
    "peak_heating_value": 5.0669304324904205,
    "peak_heating_time": "04-JAN-07:15",
    "peak_cooling_value": 1.4067763543272833,
    "peak_cooling_time": "27-JUL-15:00",
    "sens_htg_clg_0104": "[\"January 4January 4\", \"HeatingCooling\", 4.87, 5.02, 5.05, 5.04, 5.07, 5.07, 5.06, 5.05, 4.9, 4.64, 4.26, 3.98, 3.85, 3.63, 3.51, 3.63, 3.92, 4.27, 4.49, 4.54, 4.58, 4.61, 4.55, 4.5]",
    "temp_0104": "[\"January 4\", 20.0, 20.0, 20.0, 20.0, 20.0, 20.0, 20.0, 20.0, 20.0, 20.0, 20.0, 20.0, 20.0, 20.0, 20.0, 20.0, 20.0, 20.0, 20.0, 20.0, 20.0, 20.0, 20.0, 20.0]",
    "temp_0727": "[\"July 27\", 20.0, 20.0, 20.0, 20.0, 20.0, 20.0, 20.0, 20.0, 20.0, 20.0, 20.0, 20.0, 20.0, 20.0, 20.0, 20.0, 20.0, 20.0, 20.0, 20.0, 20.0, 20.0, 20.0, 20.0]",
    "temp_bins": "[0, 0, 0, 0, 0, 0, 0, 0, 0, 0, 0, 0, 0, 0, 0, 0, 0, 0, 0, 0, 0, 0, 0, 0, 0, 0, 0, 0, 0, 0, 0, 0, 0, 0, 0, 0, 0, 0, 0, 402, 8358, 0, 0, 0, 0, 0, 0, 0, 0, 0, 0, 0, 0, 0, 0, 0, 0, 0, 0, 0, 0, 0, 0, 0, 0, 0, 0, 0, 0, 0, 0, 0, 0, 0, 0, 0, 0, 0, 0, 0, 0, 0, 0, 0, 0, 0, 0, 0, 0, 0, 0]",
    "min_temp": 19.999999999999993,
    "min_index_position": 5508,
    "max_temp": 20.000000000000007,
    "max_index_position": 8041,
    "avg_temp": 20.0,
    "applicable": true
  }
}