{
  "630": {
    "case_num": "630 - East/West Shading",
    "applicable": true
  },
  "Envelope Reporting": {
    "annual_heating": 4.8805555555555555,
    "annual_cooling": 2.7805555555555554,
    "peak_heating_value": 3.7206006705566304,
    "peak_heating_time": "04-JAN-04:15",
    "peak_cooling_value": 3.3766430064991906,
    "peak_cooling_time": "26-JUL-16:45",
    "sens_htg_clg_0104": "[\"January 4January 4\", \"HeatingCooling\", 3.57, 3.67, 3.7, 3.71, 3.72, 3.72, 3.72, 3.52, 2.75, 2.22, 1.97, 1.87, 1.87, 1.77, 1.5, 1.35, 1.85, 2.65, 3.05, 3.21, 3.3, 3.34, 3.31, 3.29]",
    "temp_0104": "[\"January 4\", 20.0, 20.0, 20.0, 20.0, 20.0, 20.0, 20.0, 20.0, 20.0, 20.0, 20.0, 20.0, 20.0, 20.0, 20.0, 20.0, 20.0, 20.0, 20.0, 20.0, 20.0, 20.0, 20.0, 20.0]",
    "temp_0727": "[\"July 27\", 26.1, 25.2, 24.4, 23.6, 22.9, 23.0, 25.2, 27.0, 27.0, 27.0, 27.0, 27.0, 27.0, 27.0, 27.0, 27.0, 27.0, 27.0, 27.0, 27.0, 27.0, 27.0, 27.0, 26.7]",
    "temp_bins": "[0, 0, 0, 0, 0, 0, 0, 0, 0, 0, 0, 0, 0, 0, 0, 0, 0, 0, 0, 0, 0, 0, 0, 0, 0, 0, 0, 0, 0, 0, 0, 0, 0, 0, 0, 0, 0, 0, 0, 1098, 3408, 384, 383, 359, 317, 322, 1506, 983, 0, 0, 0, 0, 0, 0, 0, 0, 0, 0, 0, 0, 0, 0, 0, 0, 0, 0, 0, 0, 0, 0, 0, 0, 0, 0, 0, 0, 0, 0, 0, 0, 0, 0, 0, 0, 0, 0, 0, 0, 0, 0, 0]",
    "min_temp": 19.999999999999655,
    "min_index_position": 7634,
    "max_temp": 27.00000000000027,
    "max_index_position": 4360,
    "avg_temp": 22.67822717186476,
    "applicable": true
  }
}