{
  "630": {
    "case_num": "630 - East/West Shading",
    "applicable": true
  },
  "Envelope Reporting": {
    "annual_heating": 4.883333333333333,
    "annual_cooling": 2.783333333333333,
    "peak_heating_value": 3.72232247627264,
    "peak_heating_time": "04-JAN-04:15",
    "peak_cooling_value": 3.3789102724593016,
    "peak_cooling_time": "26-JUL-16:45",
    "sens_htg_clg_0104": "[\"January 4January 4\", \"HeatingCooling\", 3.57, 3.67, 3.71, 3.72, 3.72, 3.72, 3.72, 3.52, 2.75, 2.22, 1.97, 1.87, 1.87, 1.77, 1.5, 1.35, 1.85, 2.65, 3.05, 3.21, 3.3, 3.34, 3.31, 3.29]",
    "temp_0104": "[\"January 4\", 20.0, 20.0, 20.0, 20.0, 20.0, 20.0, 20.0, 20.0, 20.0, 20.0, 20.0, 20.0, 20.0, 20.0, 20.0, 20.0, 20.0, 20.0, 20.0, 20.0, 20.0, 20.0, 20.0, 20.0]",
    "temp_0727": "[\"July 27\", 26.1, 25.2, 24.4, 23.6, 22.9, 23.0, 25.2, 27.0, 27.0, 27.0, 27.0, 27.0, 27.0, 27.0, 27.0, 27.0, 27.0, 27.0, 27.0, 27.0, 27.0, 27.0, 27.0, 26.7]",
    "temp_bins": "[0, 0, 0, 0, 0, 0, 0, 0, 0, 0, 0, 0, 0, 0, 0, 0, 0, 0, 0, 0, 0, 0, 0, 0, 0, 0, 0, 0, 0, 0, 0, 0, 0, 0, 0, 0, 0, 0, 0, 1122, 3382, 384, 385, 359, 316, 322, 1482, 1008, 0, 0, 0, 0, 0, 0, 0, 0, 0, 0, 0, 0, 0, 0, 0, 0, 0, 0, 0, 0, 0, 0, 0, 0, 0, 0, 0, 0, 0, 0, 0, 0, 0, 0, 0, 0, 0, 0, 0, 0, 0, 0, 0]",
    "min_temp": 19.999999999999712,
    "min_index_position": 7130,
    "max_temp": 27.000000000000263,
    "max_index_position": 5486,
    "avg_temp": 22.678619597025165,
    "applicable": true
  }
}