{
  "950FF": {
    "case_num": "950FF",
    "applicable": true
  },
  "Envelope Reporting": {
    "annual_heating": 0.0,
    "annual_cooling": 0.0,
    "temp_0104": "[\"January 4\", 0.0, 0.0, 0.0, 0.0, 0.0, 0.0, 0.0, 0.0, 0.0, 0.0, 0.0, 0.0, 0.0, 0.0, 0.0, 0.0, 0.0, 0.0, 0.0, 0.0, 0.0, 0.0, 0.0, 0.0]",
    "temp_0727": "[\"July 27\", 0.0, 0.0, 0.0, 0.0, 0.0, 0.0, 0.0, 0.0, 0.0, 0.0, 0.0, 0.0, 0.0, 0.0, 0.0, 0.0, 0.0, 0.0, 0.0, 0.0, 0.0, 0.0, 0.0, 0.0]",
    "temp_bins": "[5, 1, 6, 8, 8, 16, 7, 15, 8, 9, 17, 13, 18, 28, 42, 43, 74, 102, 98, 125, 149, 158, 191, 203, 241, 223, 229, 243, 255, 260, 272, 268, 256, 266, 280, 341, 306, 330, 291, 347, 319, 350, 366, 293, 276, 242, 205, 186, 156, 152, 142, 96, 104, 65, 39, 9, 5, 2, 0, 0, 0, 0, 0, 0, 0, 0, 0, 0, 0, 0, 0, 0, 0, 0, 0, 0, 0, 0, 0, 0, 0, 0, 0, 0, 0, 0, 0, 0, 0, 0, 0]",
    "min_temp": -20.203647781797216,
    "min_index_position": 78,
    "max_temp": 37.08807816567369,
    "max_index_position": 5871,
    "avg_temp": 14.872414798793727,
    "applicable": true
  }
}