{
  "950FF": {
    "case_num": "950FF",
    "applicable": true
  },
  "Envelope Reporting": {
    "annual_heating": 0.0,
    "annual_cooling": 0.0,
    "temp_0104": "[\"January 4\", -18.2, -19.2, -19.4, -19.5, -19.7, -20.0, -20.2, -16.1, -13.2, -11.0, -8.0, -5.3, -3.1, -1.1, 0.1, 0.4, -0.6, -1.6, -12.4, -13.5, -14.1, -14.5, -14.6, -14.8]",
    "temp_0727": "[\"July 27\", 24.6, 23.7, 23.1, 22.4, 22.0, 22.2, 23.6, 26.9, 28.8, 30.1, 31.3, 32.4, 33.4, 34.1, 34.4, 34.4, 34.5, 34.4, 30.5, 29.4, 28.6, 27.5, 26.9, 26.1]",
    "temp_bins": "[5, 1, 6, 8, 8, 16, 7, 15, 8, 9, 17, 13, 18, 28, 42, 43, 74, 102, 98, 125, 149, 158, 191, 203, 241, 223, 229, 243, 255, 260, 272, 268, 256, 266, 280, 341, 306, 330, 291, 347, 319, 350, 366, 293, 276, 242, 205, 186, 156, 152, 142, 96, 104, 65, 39, 9, 5, 2, 0, 0, 0, 0, 0, 0, 0, 0, 0, 0, 0, 0, 0, 0, 0, 0, 0, 0, 0, 0, 0, 0, 0, 0, 0, 0, 0, 0, 0, 0, 0, 0, 0]",
    "min_temp": -20.203647781796,
    "min_index_position": 78,
    "max_temp": 37.08807816564174,
    "max_index_position": 5871,
    "avg_temp": 14.872414798801865,
    "applicable": true
  }
}