{
  "930": {
    "case_num": "930 - High-Mass East/West Shading",
    "applicable": true
  },
  "Envelope Reporting": {
    "annual_heating": 3.908333333333333,
    "annual_cooling": 1.6388888888888888,
    "peak_heating_value": 3.507598131953104,
    "peak_heating_time": "04-JAN-07:15",
    "peak_cooling_value": 2.2779067271440416,
    "peak_cooling_time": "26-JUL-17:00",
    "sens_htg_clg_0104": "[\"January 4January 4\", \"HeatingCooling\", 3.29, 3.37, 3.4, 3.43, 3.46, 3.48, 3.51, 3.42, 3.09, 2.87, 2.72, 2.61, 2.54, 2.4, 2.2, 2.12, 2.35, 2.63, 2.75, 2.8, 2.86, 2.91, 2.92, 2.93]",
    "temp_0104": "[\"January 4\", 20.0, 20.0, 20.0, 20.0, 20.0, 20.0, 20.0, 20.0, 20.0, 20.0, 20.0, 20.0, 20.0, 20.0, 20.0, 20.0, 20.0, 20.0, 20.0, 20.0, 20.0, 20.0, 20.0, 20.0]",
    "temp_0727": "[\"July 27\", 27.0, 27.0, 27.0, 27.0, 27.0, 27.0, 27.0, 27.0, 27.0, 27.0, 27.0, 27.0, 27.0, 27.0, 27.0, 27.0, 27.0, 27.0, 27.0, 27.0, 27.0, 27.0, 27.0, 27.0]",
    "zone_total_transmitted_solar_radiation": 525.9414366832748,
    "temp_bins": "[0, 0, 0, 0, 0, 0, 0, 0, 0, 0, 0, 0, 0, 0, 0, 0, 0, 0, 0, 0, 0, 0, 0, 0, 0, 0, 0, 0, 0, 0, 0, 0, 0, 0, 0, 0, 0, 0, 0, 1078, 3191, 308, 311, 339, 379, 409, 1465, 1280, 0, 0, 0, 0, 0, 0, 0, 0, 0, 0, 0, 0, 0, 0, 0, 0, 0, 0, 0, 0, 0, 0, 0, 0, 0, 0, 0, 0, 0, 0, 0, 0, 0, 0, 0, 0, 0, 0, 0, 0, 0, 0, 0]",
    "min_temp": 19.999999999999723,
    "min_index_position": 488,
    "max_temp": 27.000000000000213,
    "max_index_position": 4986,
    "avg_temp": 22.91157009431477,
    "applicable": true
  }
}