{
  "930": {
    "case_num": "930 - High-Mass East/West Shading",
    "applicable": true
  },
  "Envelope Reporting": {
    "annual_heating": 3.9027777777777777,
    "annual_cooling": 1.6416666666666666,
    "peak_heating_value": 3.5069793822117883,
    "peak_heating_time": "04-JAN-07:15",
    "peak_cooling_value": 2.2781030920335232,
    "peak_cooling_time": "26-JUL-17:15",
    "zone_total_transmitted_solar_radiation": 525.9414366835919,
    "sens_htg_clg_0104": "[\"January 4January 4\", \"HeatingCooling\", 3.29, 3.37, 3.4, 3.43, 3.46, 3.48, 3.51, 3.41, 3.09, 2.87, 2.72, 2.61, 2.54, 2.4, 2.2, 2.12, 2.35, 2.63, 2.75, 2.8, 2.86, 2.91, 2.91, 2.93]",
    "temp_0104": "[\"January 4\", 20.0, 20.0, 20.0, 20.0, 20.0, 20.0, 20.0, 20.0, 20.0, 20.0, 20.0, 20.0, 20.0, 20.0, 20.0, 20.0, 20.0, 20.0, 20.0, 20.0, 20.0, 20.0, 20.0, 20.0]",
    "temp_0727": "[\"July 27\", 27.0, 27.0, 27.0, 27.0, 27.0, 27.0, 27.0, 27.0, 27.0, 27.0, 27.0, 27.0, 27.0, 27.0, 27.0, 27.0, 27.0, 27.0, 27.0, 27.0, 27.0, 27.0, 27.0, 27.0]",
    "temp_bins": "[0, 0, 0, 0, 0, 0, 0, 0, 0, 0, 0, 0, 0, 0, 0, 0, 0, 0, 0, 0, 0, 0, 0, 0, 0, 0, 0, 0, 0, 0, 0, 0, 0, 0, 0, 0, 0, 0, 0, 156, 4112, 309, 308, 340, 380, 406, 1009, 1740, 0, 0, 0, 0, 0, 0, 0, 0, 0, 0, 0, 0, 0, 0, 0, 0, 0, 0, 0, 0, 0, 0, 0, 0, 0, 0, 0, 0, 0, 0, 0, 0, 0, 0, 0, 0, 0, 0, 0, 0, 0, 0, 0]",
    "min_temp": 19.999999999999993,
    "min_index_position": 768,
    "max_temp": 27.000000000000007,
    "max_index_position": 5890,
    "avg_temp": 22.913462619881322,
    "applicable": true
  }
}