{
  "CE200": {
    "case_num": "CE200 - Full-Load Test at AHRI Conditions",
    "applicable": true
  },
  "Cooling Reporting": {
    "clg_energy_consumption_total": 1465.3297623224148,
    "clg_energy_consumption_compressor": 1311.845770240023,
    "clg_energy_consumption_supply_fan": 153.48399208239246,
    "clg_energy_consumption_condenser_fan": "tbd",
    "evaporator_coil_load_total": 5483.834282117612,
    "evaporator_coil_load_sensible": 4262.808944500809,
    "evaporator_coil_load_latent": 1221.0253376168039,
    "zone_load_total": 5330.350290035222,
    "zone_load_sensible": 4119.831515315454,
    "zone_load_latent": 1210.518774719773,
    "feb_mean_cop": 3.637645550573614,
    "feb_max_cop": 3.6429422384973633,
    "feb_min_cop": 3.631981546882016,
    "feb_mean_idb": 26.66377345760182,
    "feb_max_idb": 26.66511258850214,
    "feb_min_idb": 26.66253879569974,
    "feb_mean_humidity_ratio": 0.011419833239550588,
    "feb_max_humidity_ratio": 0.011448509075950568,
    "feb_min_humidity_ratio": 0.01132337679445712,
    "applicable": true
  }
}