{
  "CE200": {
    "case_num": "CE200 - Full-Load Test at AHRI Conditions",
    "applicable": true
  },
  "Cooling Reporting": {
    "clg_energy_consumption_total": 1465.3297623224123,
    "clg_energy_consumption_compressor": 1311.8457702400224,
    "clg_energy_consumption_supply_fan": 153.48399208239226,
    "clg_energy_consumption_condenser_fan": "tbd",
    "evaporator_coil_load_total": 5483.834282117606,
    "evaporator_coil_load_sensible": 4262.808944500807,
    "evaporator_coil_load_latent": 1221.0253376168025,
    "zone_load_total": 5330.350290035211,
    "zone_load_sensible": 4119.831515315443,
    "zone_load_latent": 1210.5187747197713,
    "feb_mean_cop": 3.637645550573612,
    "feb_max_cop": 3.6429422384973607,
    "feb_min_cop": 3.631981546882019,
    "feb_mean_idb": 26.663773457601803,
    "feb_max_idb": 26.665112588501945,
    "feb_min_idb": 26.662538795700133,
    "feb_mean_humidity_ratio": 0.011419833239550583,
    "feb_max_humidity_ratio": 0.011448509075950542,
    "feb_min_humidity_ratio": 0.011323376794457109,
    "applicable": true
  }
}