{
  "CE200": {
    "case_num": "CE200 - Full-Load Test at AHRI Conditions",
    "applicable": true
  },
  "Cooling Reporting": {
    "clg_energy_consumption_total": 1465.4947619364875,
    "clg_energy_consumption_compressor": 1311.983415099932,
    "clg_energy_consumption_supply_fan": 153.51134683655633,
    "clg_energy_consumption_condenser_fan": "tbd",
    "evaporator_coil_load_total": 5483.820166928656,
    "evaporator_coil_load_sensible": 4262.794885925119,
    "evaporator_coil_load_latent": 1221.02528100353,
    "zone_load_total": 5330.308820092095,
    "zone_load_sensible": 4119.78809433729,
    "zone_load_latent": 1210.5207257548059,
    "feb_mean_cop": 3.637207691584437,
    "feb_max_cop": 3.642467850736656,
    "feb_min_cop": 3.6314933975942405,
    "feb_mean_idb": 26.701354600839245,
    "feb_max_idb": 26.701764267498312,
    "feb_min_idb": 26.70097289158972,
    "feb_mean_humidity_ratio": 0.011377117824009235,
    "feb_max_humidity_ratio": 0.011405994007015773,
    "feb_min_humidity_ratio": 0.011280851883782408,
    "applicable": true
  }
}