{
  "CE200": {
    "case_num": "CE200 - Full-Load Test at AHRI Conditions",
    "applicable": true
  },
  "Cooling Reporting": {
    "clg_energy_consumption_total": 1465.0587225873028,
    "clg_energy_consumption_compressor": 1311.6187819972974,
    "clg_energy_consumption_supply_fan": 153.4399405900057,
    "clg_energy_consumption_condenser_fan": "tbd",
    "evaporator_coil_load_total": 5483.785608663225,
    "evaporator_coil_load_sensible": 4262.7602654817765,
    "evaporator_coil_load_latent": 1221.0253431814588,
    "zone_load_total": 5330.345668073224,
    "zone_load_sensible": 4119.830835472757,
    "zone_load_latent": 1210.5148326004667,
    "feb_mean_cop": 3.638315369816577,
    "feb_max_cop": 3.6436095057683073,
    "feb_min_cop": 3.6326615420632185,
    "feb_mean_idb": 26.663803999953114,
    "feb_max_idb": 26.665143453509163,
    "feb_min_idb": 26.662571107406805,
    "feb_mean_humidity_ratio": 0.011417357209796725,
    "feb_max_humidity_ratio": 0.011445995296964545,
    "feb_min_humidity_ratio": 0.011320909760460372,
    "applicable": true
  }
}