{
  "610": {
    "case_num": "610 - South Shading",
    "applicable": true
  },
  "Envelope Reporting": {
    "annual_heating": 4.419444444444443,
    "annual_cooling": 4.747222222222222,
    "peak_heating_value": 3.7396001374549397,
    "peak_heating_time": "04-JAN-05:00",
    "peak_cooling_value": 6.164483467252235,
    "peak_cooling_time": "23-DEC-13:00",
    "sens_htg_clg_0104": "[\"January 4January 4\", \"HeatingCooling\", 3.56, 3.68, 3.72, 3.73, 3.74, 3.74, 3.74, 3.44, 2.09, 0.61, -0.06, -1.83, -3.22, -3.53, -2.91, -1.45, -0.02, 0.42, 1.82, 2.56, 2.96, 3.18, 3.24, 3.25]",
    "temp_0104": "[\"January 4\", 20.0, 20.0, 20.0, 20.0, 20.0, 20.0, 20.0, 20.0, 20.0, 20.1, 24.2, 27.0, 27.0, 27.0, 27.0, 27.0, 25.2, 20.4, 20.0, 20.0, 20.0, 20.0, 20.0, 20.0]",
    "temp_0727": "[\"July 27\", 25.9, 25.0, 24.2, 23.4, 22.7, 22.5, 23.3, 25.4, 27.0, 27.0, 27.0, 27.0, 27.0, 27.0, 27.0, 27.0, 27.0, 27.0, 27.0, 27.0, 27.0, 27.0, 27.0, 26.6]",
    "temp_bins": "[0, 0, 0, 0, 0, 0, 0, 0, 0, 0, 0, 0, 0, 0, 0, 0, 0, 0, 0, 0, 0, 0, 0, 0, 0, 0, 0, 0, 0, 0, 0, 0, 0, 0, 0, 0, 0, 0, 0, 896, 3123, 362, 335, 360, 325, 356, 2040, 963, 0, 0, 0, 0, 0, 0, 0, 0, 0, 0, 0, 0, 0, 0, 0, 0, 0, 0, 0, 0, 0, 0, 0, 0, 0, 0, 0, 0, 0, 0, 0, 0, 0, 0, 0, 0, 0, 0, 0, 0, 0, 0, 0]",
    "min_temp": 19.999999999999606,
    "min_index_position": 78,
    "max_temp": 27.000000000000412,
    "max_index_position": 8581,
    "avg_temp": 23.091027276730077,
    "applicable": true
  }
}