{
  "610": {
    "case_num": "610 - South Shading",
    "applicable": true
  },
  "Envelope Reporting": {
    "annual_heating": 4.425,
    "annual_cooling": 4.752777777777778,
    "peak_heating_value": 3.7413562980635566,
    "peak_heating_time": "04-JAN-05:00",
    "peak_cooling_value": 6.169673070725943,
    "peak_cooling_time": "23-DEC-13:00",
    "sens_htg_clg_0104": "[\"January 4January 4\", \"HeatingCooling\", 3.56, 3.68, 3.72, 3.73, 3.74, 3.74, 3.74, 3.44, 2.08, 0.6, -0.06, -1.86, -3.23, -3.53, -2.91, -1.44, -0.02, 0.42, 1.82, 2.56, 2.97, 3.18, 3.24, 3.25]",
    "temp_0104": "[\"January 4\", 20.0, 20.0, 20.0, 20.0, 20.0, 20.0, 20.0, 20.0, 20.0, 20.1, 24.2, 27.0, 27.0, 27.0, 27.0, 27.0, 25.2, 20.4, 20.0, 20.0, 20.0, 20.0, 20.0, 20.0]",
    "temp_0727": "[\"July 27\", 25.9, 25.0, 24.2, 23.5, 22.7, 22.5, 23.3, 25.4, 27.0, 27.0, 27.0, 27.0, 27.0, 27.0, 27.0, 27.0, 27.0, 27.0, 27.0, 27.0, 27.0, 27.0, 27.0, 26.6]",
    "temp_bins": "[0, 0, 0, 0, 0, 0, 0, 0, 0, 0, 0, 0, 0, 0, 0, 0, 0, 0, 0, 0, 0, 0, 0, 0, 0, 0, 0, 0, 0, 0, 0, 0, 0, 0, 0, 0, 0, 0, 0, 910, 3108, 362, 336, 360, 325, 356, 2009, 994, 0, 0, 0, 0, 0, 0, 0, 0, 0, 0, 0, 0, 0, 0, 0, 0, 0, 0, 0, 0, 0, 0, 0, 0, 0, 0, 0, 0, 0, 0, 0, 0, 0, 0, 0, 0, 0, 0, 0, 0, 0, 0, 0]",
    "min_temp": 19.99999999999965,
    "min_index_position": 8668,
    "max_temp": 27.000000000000522,
    "max_index_position": 109,
    "avg_temp": 23.091322333969458,
    "applicable": true
  }
}