{
  "610": {
    "case_num": "610 - South Shading",
    "applicable": true
  },
  "Envelope Reporting": {
    "sens_htg_clg_0104": "[\"January 4January 4\", \"HeatingCooling\", 3.56, 3.68, 3.72, 3.73, 3.74, 3.74, 3.74, 3.44, 2.08, 0.6, -0.06, -1.86, -3.23, -3.53, -2.91, -1.44, -0.02, 0.42, 1.82, 2.56, 2.97, 3.18, 3.24, 3.25]",
    "temp_0104": "[\"January 4\", 20.0, 20.0, 20.0, 20.0, 20.0, 20.0, 20.0, 20.0, 20.0, 20.1, 24.2, 27.0, 27.0, 27.0, 27.0, 27.0, 25.2, 20.4, 20.0, 20.0, 20.0, 20.0, 20.0, 20.0]",
    "temp_0727": "[\"July 27\", 25.9, 25.0, 24.2, 23.4, 22.7, 22.5, 23.3, 25.4, 27.0, 27.0, 27.0, 27.0, 27.0, 27.0, 27.0, 27.0, 27.0, 27.0, 27.0, 27.0, 27.0, 27.0, 27.0, 26.6]",
    "temp_bins": "[0, 0, 0, 0, 0, 0, 0, 0, 0, 0, 0, 0, 0, 0, 0, 0, 0, 0, 0, 0, 0, 0, 0, 0, 0, 0, 0, 0, 0, 0, 0, 0, 0, 0, 0, 0, 0, 0, 0, 130, 3887, 360, 337, 355, 327, 360, 1768, 1236, 0, 0, 0, 0, 0, 0, 0, 0, 0, 0, 0, 0, 0, 0, 0, 0, 0, 0, 0, 0, 0, 0, 0, 0, 0, 0, 0, 0, 0, 0, 0, 0, 0, 0, 0, 0, 0, 0, 0, 0, 0, 0, 0]",
    "min_temp": 19.999999999999993,
    "min_index_position": 1780,
    "max_temp": 27.000000000000007,
    "max_index_position": 7767,
    "avg_temp": 23.09267975280175,
    "annual_heating": 4.422222222222222,
    "annual_cooling": 4.758333333333333,
    "peak_heating_value": 3.7413691207983275,
    "peak_heating_time": "04-JAN-05:00",
    "peak_cooling_value": 6.170254111740789,
    "peak_cooling_time": "23-DEC-13:00",
    "applicable": true
  }
}