{
  "220": {
    "case_num": "220 - In-Depth Series Base Case",
    "applicable": true
  },
  "Envelope Reporting": {
    "annual_heating": 7.116666666666666,
    "annual_cooling": 0.40555555555555556,
    "peak_heating_value": 3.2464445463207157,
    "peak_heating_time": "04-JAN-05:15",
    "peak_cooling_value": 0.9101240785896264,
    "peak_cooling_time": "27-JUL-15:00",
    "sens_htg_clg_0104": "[\"January 4January 4\", \"HeatingCooling\", 3.08, 3.17, 3.21, 3.22, 3.25, 3.25, 3.24, 3.21, 3.08, 2.93, 2.69, 2.49, 2.4, 2.3, 2.2, 2.25, 2.46, 2.66, 2.82, 2.89, 2.93, 2.96, 2.94, 2.89]",
    "temp_0104": "[\"January 4\", 20.0, 20.0, 20.0, 20.0, 20.0, 20.0, 20.0, 20.0, 20.0, 20.0, 20.0, 20.0, 20.0, 20.0, 20.0, 20.0, 20.0, 20.0, 20.0, 20.0, 20.0, 20.0, 20.0, 20.0]",
    "temp_0727": "[\"July 27\", 20.0, 20.0, 20.0, 20.0, 20.0, 20.0, 20.0, 20.0, 20.0, 20.0, 20.0, 20.0, 20.0, 20.0, 20.0, 20.0, 20.0, 20.0, 20.0, 20.0, 20.0, 20.0, 20.0, 20.0]",
    "temp_bins": "[0, 0, 0, 0, 0, 0, 0, 0, 0, 0, 0, 0, 0, 0, 0, 0, 0, 0, 0, 0, 0, 0, 0, 0, 0, 0, 0, 0, 0, 0, 0, 0, 0, 0, 0, 0, 0, 0, 0, 1377, 7383, 0, 0, 0, 0, 0, 0, 0, 0, 0, 0, 0, 0, 0, 0, 0, 0, 0, 0, 0, 0, 0, 0, 0, 0, 0, 0, 0, 0, 0, 0, 0, 0, 0, 0, 0, 0, 0, 0, 0, 0, 0, 0, 0, 0, 0, 0, 0, 0, 0, 0]",
    "min_temp": 19.999999999999687,
    "min_index_position": 1417,
    "max_temp": 20.000000000000426,
    "max_index_position": 943,
    "avg_temp": 20.000000000000004,
    "applicable": true
  }
}