{
  "220": {
    "case_num": "220 - In-Depth Series Base Case",
    "applicable": true
  },
  "Envelope Reporting": {
    "annual_heating": 7.1083333333333325,
    "annual_cooling": 0.40555555555555556,
    "peak_heating_value": 3.243074105908747,
    "peak_heating_time": "04-JAN-05:15",
    "peak_cooling_value": 0.9097115383091384,
    "peak_cooling_time": "27-JUL-15:00",
    "sens_htg_clg_0104": "[\"January 4January 4\", \"HeatingCooling\", 3.07, 3.16, 3.21, 3.22, 3.24, 3.24, 3.24, 3.21, 3.07, 2.92, 2.69, 2.49, 2.4, 2.29, 2.2, 2.25, 2.45, 2.66, 2.82, 2.89, 2.92, 2.96, 2.93, 2.88]",
    "temp_0104": "[\"January 4\", 20.0, 20.0, 20.0, 20.0, 20.0, 20.0, 20.0, 20.0, 20.0, 20.0, 20.0, 20.0, 20.0, 20.0, 20.0, 20.0, 20.0, 20.0, 20.0, 20.0, 20.0, 20.0, 20.0, 20.0]",
    "temp_0727": "[\"July 27\", 20.0, 20.0, 20.0, 20.0, 20.0, 20.0, 20.0, 20.0, 20.0, 20.0, 20.0, 20.0, 20.0, 20.0, 20.0, 20.0, 20.0, 20.0, 20.0, 20.0, 20.0, 20.0, 20.0, 20.0]",
    "temp_bins": "[0, 0, 0, 0, 0, 0, 0, 0, 0, 0, 0, 0, 0, 0, 0, 0, 0, 0, 0, 0, 0, 0, 0, 0, 0, 0, 0, 0, 0, 0, 0, 0, 0, 0, 0, 0, 0, 0, 0, 1279, 7481, 0, 0, 0, 0, 0, 0, 0, 0, 0, 0, 0, 0, 0, 0, 0, 0, 0, 0, 0, 0, 0, 0, 0, 0, 0, 0, 0, 0, 0, 0, 0, 0, 0, 0, 0, 0, 0, 0, 0, 0, 0, 0, 0, 0, 0, 0, 0, 0, 0, 0]",
    "min_temp": 19.999999999999616,
    "min_index_position": 869,
    "max_temp": 20.000000000000426,
    "max_index_position": 75,
    "avg_temp": 20.0,
    "applicable": true
  }
}