{
  "950": {
    "case_num": "950 - High-Mass Night Ventilation",
    "applicable": true
  },
  "Envelope Reporting": {
    "annual_heating": 0.0,
    "annual_cooling": 0.5472222222222223,
    "peak_heating_value": 0.0,
    "peak_heating_time": "01-JAN-00:15",
    "peak_cooling_value": 2.2978579818323603,
    "peak_cooling_time": "02-SEP-14:15",
    "sens_htg_clg_0104": "[\"January 4January 4\", \"HeatingCooling\", 0.0, 0.0, 0.0, 0.0, 0.0, 0.0, 0.0, 0.0, 0.0, 0.0, 0.0, 0.0, 0.0, 0.0, 0.0, 0.0, 0.0, 0.0, 0.0, 0.0, 0.0, 0.0, 0.0, 0.0]",
    "temp_0104": "[\"January 4\", -18.2, -19.2, -19.4, -19.5, -19.7, -20.0, -20.2, -16.1, -13.2, -11.0, -8.0, -5.3, -3.1, -1.1, 0.1, 0.4, -0.6, -1.6, -12.4, -13.5, -14.1, -14.5, -14.6, -14.8]",
    "temp_0727": "[\"July 27\", 23.8, 23.0, 22.4, 21.9, 21.5, 21.7, 23.1, 26.0, 27.0, 27.0, 27.0, 27.0, 27.0, 27.0, 27.0, 27.0, 27.0, 27.0, 29.0, 28.3, 27.5, 26.5, 25.9, 25.2]",
    "temp_bins": "[5, 1, 6, 8, 8, 16, 7, 15, 8, 9, 18, 12, 18, 28, 42, 43, 74, 102, 98, 126, 149, 157, 190, 208, 240, 222, 231, 244, 259, 256, 277, 264, 255, 272, 289, 339, 312, 348, 300, 340, 350, 362, 357, 295, 270, 251, 290, 753, 19, 10, 4, 2, 0, 0, 0, 0, 0, 0, 0, 0, 0, 0, 0, 0, 0, 0, 0, 0, 0, 0, 0, 0, 0, 0, 0, 0, 0, 0, 0, 0, 0, 0, 0, 0, 0, 0, 0, 0, 0, 0, 0]",
    "min_temp": -20.20346341765057,
    "min_index_position": 78,
    "max_temp": 31.444795173392063,
    "max_index_position": 4362,
    "avg_temp": 14.446372379157369,
    "applicable": true
  }
}