{
  "950": {
    "case_num": "950 - High-Mass Night Ventilation",
    "applicable": true
  },
  "Envelope Reporting": {
    "annual_heating": 0.0,
    "annual_cooling": 0.5472222222222223,
    "peak_heating_value": 0.0,
    "peak_heating_time": "01-JAN-00:15",
    "peak_cooling_value": 2.300768537995531,
    "peak_cooling_time": "02-SEP-14:15",
    "sens_htg_clg_0104": "[\"January 4January 4\", \"HeatingCooling\", 0.0, 0.0, 0.0, 0.0, 0.0, 0.0, 0.0, 0.0, 0.0, 0.0, 0.0, 0.0, 0.0, 0.0, 0.0, 0.0, 0.0, 0.0, 0.0, 0.0, 0.0, 0.0, 0.0, 0.0]",
    "temp_0104": "[\"January 4\", -18.2, -19.2, -19.4, -19.5, -19.7, -20.0, -20.2, -16.1, -13.2, -11.0, -8.0, -5.3, -3.1, -1.1, 0.1, 0.4, -0.6, -1.6, -12.4, -13.5, -14.1, -14.5, -14.6, -14.8]",
    "temp_0727": "[\"July 27\", 23.9, 23.0, 22.4, 21.9, 21.5, 21.7, 23.1, 25.9, 27.0, 27.0, 27.0, 27.0, 27.0, 27.0, 27.0, 27.0, 27.0, 27.0, 29.0, 28.3, 27.5, 26.5, 25.9, 25.2]",
    "temp_bins": "[5, 1, 6, 8, 8, 16, 7, 15, 8, 9, 17, 13, 18, 28, 42, 43, 74, 102, 98, 125, 150, 157, 191, 206, 240, 223, 230, 246, 259, 254, 278, 265, 255, 272, 288, 342, 311, 346, 301, 340, 353, 359, 358, 294, 271, 252, 289, 751, 19, 10, 4, 2, 0, 0, 0, 0, 0, 0, 0, 0, 0, 0, 0, 0, 0, 0, 0, 0, 0, 0, 0, 0, 0, 0, 0, 0, 0, 0, 0, 0, 0, 0, 0, 0, 0, 0, 0, 0, 0, 0, 0]",
    "min_temp": -20.203647781796,
    "min_index_position": 78,
    "max_temp": 31.441813468302723,
    "max_index_position": 4362,
    "avg_temp": 14.444152377258332,
    "applicable": true
  }
}