{
  "950": {
    "case_num": "950 - High-Mass Night Ventilation",
    "applicable": true
  },
  "Envelope Reporting": {
    "sens_htg_clg_0104": "[\"January 4January 4\", \"HeatingCooling\", 0.0, 0.0, 0.0, 0.0, 0.0, 0.0, 0.0, 0.0, 0.0, 0.0, 0.0, 0.0, 0.0, 0.0, 0.0, 0.0, 0.0, 0.0, 0.0, 0.0, 0.0, 0.0, 0.0, 0.0]",
    "temp_0104": "[\"January 4\", -18.2, -19.2, -19.4, -19.5, -19.7, -20.0, -20.2, -16.1, -13.2, -11.0, -8.0, -5.3, -3.1, -1.1, 0.1, 0.4, -0.6, -1.6, -12.4, -13.5, -14.1, -14.5, -14.6, -14.8]",
    "temp_0727": "[\"July 27\", 23.9, 23.0, 22.4, 21.9, 21.5, 21.7, 23.1, 25.9, 27.0, 27.0, 27.0, 27.0, 27.0, 27.0, 27.0, 27.0, 27.0, 27.0, 29.0, 28.3, 27.5, 26.5, 25.9, 25.2]",
    "temp_bins": "[5, 1, 6, 8, 8, 16, 7, 15, 8, 9, 17, 13, 18, 28, 42, 43, 74, 102, 98, 125, 147, 160, 189, 208, 239, 223, 231, 246, 256, 257, 277, 266, 254, 271, 290, 341, 310, 347, 300, 341, 351, 360, 358, 296, 270, 251, 292, 750, 19, 10, 4, 2, 0, 0, 0, 0, 0, 0, 0, 0, 0, 0, 0, 0, 0, 0, 0, 0, 0, 0, 0, 0, 0, 0, 0, 0, 0, 0, 0, 0, 0, 0, 0, 0, 0, 0, 0, 0, 0, 0, 0]",
    "min_temp": -20.203236518340738,
    "min_index_position": 78,
    "max_temp": 31.441916109183527,
    "max_index_position": 4362,
    "avg_temp": 14.446926758378229,
    "annual_heating": 0.0,
    "annual_cooling": 0.5472222222222223,
    "peak_heating_value": 0.0,
    "peak_heating_time": "01-JAN-00:15",
    "peak_cooling_value": 2.3010352427213716,
    "peak_cooling_time": "02-SEP-14:15",
    "applicable": true
  }
}