{
  "210": {
    "case_num": "210 - Interior Infrared Radiation",
    "applicable": true
  },
  "Envelope Reporting": {
    "annual_heating": 6.597222222222221,
    "annual_cooling": 0.3638888888888889,
    "peak_heating_value": 3.0402798498848678,
    "peak_heating_time": "04-JAN-05:00",
    "peak_cooling_value": 0.8116915558349199,
    "peak_cooling_time": "27-JUL-14:45",
    "sens_htg_clg_0104": "[\"January 4January 4\", \"HeatingCooling\", 2.88, 2.98, 3.02, 3.03, 3.04, 3.03, 3.03, 3.0, 2.87, 2.73, 2.49, 2.31, 2.23, 2.13, 2.05, 2.11, 2.32, 2.52, 2.68, 2.73, 2.75, 2.77, 2.74, 2.69]",
    "temp_0104": "[\"January 4\", 20.0, 20.0, 20.0, 20.0, 20.0, 20.0, 20.0, 20.0, 20.0, 20.0, 20.0, 20.0, 20.0, 20.0, 20.0, 20.0, 20.0, 20.0, 20.0, 20.0, 20.0, 20.0, 20.0, 20.0]",
    "temp_0727": "[\"July 27\", 20.0, 20.0, 20.0, 20.0, 20.0, 20.0, 20.0, 20.0, 20.0, 20.0, 20.0, 20.0, 20.0, 20.0, 20.0, 20.0, 20.0, 20.0, 20.0, 20.0, 20.0, 20.0, 20.0, 20.0]",
    "temp_bins": "[0, 0, 0, 0, 0, 0, 0, 0, 0, 0, 0, 0, 0, 0, 0, 0, 0, 0, 0, 0, 0, 0, 0, 0, 0, 0, 0, 0, 0, 0, 0, 0, 0, 0, 0, 0, 0, 0, 0, 1374, 7386, 0, 0, 0, 0, 0, 0, 0, 0, 0, 0, 0, 0, 0, 0, 0, 0, 0, 0, 0, 0, 0, 0, 0, 0, 0, 0, 0, 0, 0, 0, 0, 0, 0, 0, 0, 0, 0, 0, 0, 0, 0, 0, 0, 0, 0, 0, 0, 0, 0, 0]",
    "min_temp": 19.999999999999744,
    "min_index_position": 8363,
    "max_temp": 20.00000000000044,
    "max_index_position": 56,
    "avg_temp": 20.000000000000004,
    "applicable": true
  }
}