{
  "210": {
    "case_num": "210 - Interior Infrared Radiation",
    "applicable": true
  },
  "Envelope Reporting": {
    "annual_heating": 6.605555555555556,
    "annual_cooling": 0.3666666666666667,
    "peak_heating_value": 3.0444649779650703,
    "peak_heating_time": "04-JAN-05:00",
    "peak_cooling_value": 0.8117952662230296,
    "peak_cooling_time": "27-JUL-14:45",
    "sens_htg_clg_0104": "[\"January 4January 4\", \"HeatingCooling\", 2.89, 2.98, 3.03, 3.03, 3.04, 3.04, 3.03, 3.0, 2.88, 2.73, 2.49, 2.31, 2.23, 2.14, 2.05, 2.11, 2.32, 2.53, 2.68, 2.74, 2.76, 2.78, 2.74, 2.7]",
    "temp_0104": "[\"January 4\", 20.0, 20.0, 20.0, 20.0, 20.0, 20.0, 20.0, 20.0, 20.0, 20.0, 20.0, 20.0, 20.0, 20.0, 20.0, 20.0, 20.0, 20.0, 20.0, 20.0, 20.0, 20.0, 20.0, 20.0]",
    "temp_0727": "[\"July 27\", 20.0, 20.0, 20.0, 20.0, 20.0, 20.0, 20.0, 20.0, 20.0, 20.0, 20.0, 20.0, 20.0, 20.0, 20.0, 20.0, 20.0, 20.0, 20.0, 20.0, 20.0, 20.0, 20.0, 20.0]",
    "temp_bins": "[0, 0, 0, 0, 0, 0, 0, 0, 0, 0, 0, 0, 0, 0, 0, 0, 0, 0, 0, 0, 0, 0, 0, 0, 0, 0, 0, 0, 0, 0, 0, 0, 0, 0, 0, 0, 0, 0, 0, 1325, 7435, 0, 0, 0, 0, 0, 0, 0, 0, 0, 0, 0, 0, 0, 0, 0, 0, 0, 0, 0, 0, 0, 0, 0, 0, 0, 0, 0, 0, 0, 0, 0, 0, 0, 0, 0, 0, 0, 0, 0, 0, 0, 0, 0, 0, 0, 0, 0, 0, 0, 0]",
    "min_temp": 19.999999999999723,
    "min_index_position": 959,
    "max_temp": 20.00000000000038,
    "max_index_position": 56,
    "avg_temp": 20.0,
    "applicable": true
  }
}