{
  "CE185": {
    "case_num": "CE185 - Increased Outdoor Dry-Bulb Temperature at Low Sensible Heat Ratio",
    "applicable": true
  },
  "Cooling Reporting": {
    "clg_energy_consumption_total": 1540.5163845588083,
    "clg_energy_consumption_compressor": 1401.3794299379647,
    "clg_energy_consumption_supply_fan": 139.136954620841,
    "clg_energy_consumption_condenser_fan": "tbd",
    "evaporator_coil_load_total": 4521.443721352386,
    "evaporator_coil_load_sensible": 1564.6309999599864,
    "evaporator_coil_load_latent": 2956.8127213923885,
    "zone_load_total": 4382.30676673154,
    "zone_load_sensible": 1435.4908941233884,
    "zone_load_latent": 2946.8158726081488,
    "feb_mean_cop": 2.8446998750919468,
    "feb_max_cop": 2.850176775262093,
    "feb_min_cop": 2.836775397689551,
    "feb_mean_idb": 22.167237755287243,
    "feb_max_idb": 22.167804552014342,
    "feb_min_idb": 22.162772794988562,
    "feb_mean_humidity_ratio": 0.016049302064365785,
    "feb_max_humidity_ratio": 0.016116696068506766,
    "feb_min_humidity_ratio": 0.01592409642424676,
    "applicable": true
  }
}