{
  "CE185": {
    "case_num": "CE185 - Increased Outdoor Dry-Bulb Temperature at Low Sensible Heat Ratio",
    "applicable": true
  },
  "Cooling Reporting": {
    "clg_energy_consumption_total": 1540.5163845588067,
    "clg_energy_consumption_compressor": 1401.379429937966,
    "clg_energy_consumption_supply_fan": 139.13695462084095,
    "clg_energy_consumption_condenser_fan": "tbd",
    "evaporator_coil_load_total": 4521.443721352378,
    "evaporator_coil_load_sensible": 1564.6309999599832,
    "evaporator_coil_load_latent": 2956.812721392389,
    "zone_load_total": 4382.306766731528,
    "zone_load_sensible": 1435.4908941233805,
    "zone_load_latent": 2946.8158726081497,
    "feb_mean_cop": 2.844699875091942,
    "feb_max_cop": 2.8501767752620837,
    "feb_min_cop": 2.8367753976895536,
    "feb_mean_idb": 22.16723775528721,
    "feb_max_idb": 22.167804552014303,
    "feb_min_idb": 22.162772794988474,
    "feb_mean_humidity_ratio": 0.016049302064365778,
    "feb_max_humidity_ratio": 0.01611669606850673,
    "feb_min_humidity_ratio": 0.01592409642424678,
    "applicable": true
  }
}