{
  "CE185": {
    "case_num": "CE185 - Increased Outdoor Dry-Bulb Temperature at Low Sensible Heat Ratio",
    "applicable": true
  },
  "Cooling Reporting": {
    "clg_energy_consumption_total": 1540.5166357580556,
    "clg_energy_consumption_compressor": 1401.379645743005,
    "clg_energy_consumption_supply_fan": 139.13699001505006,
    "clg_energy_consumption_condenser_fan": "tbd",
    "evaporator_coil_load_total": 4521.4432794230515,
    "evaporator_coil_load_sensible": 1564.6305581833649,
    "evaporator_coil_load_latent": 2956.812721239686,
    "zone_load_total": 4382.306289408001,
    "zone_load_sensible": 1435.4904107540224,
    "zone_load_latent": 2946.815878653974,
    "feb_mean_cop": 2.844699101383972,
    "feb_max_cop": 2.850175810119184,
    "feb_min_cop": 2.8367749123776975,
    "feb_mean_idb": 22.167219692179465,
    "feb_max_idb": 22.167786176671566,
    "feb_min_idb": 22.162760164057158,
    "feb_mean_humidity_ratio": 0.01604928913641959,
    "feb_max_humidity_ratio": 0.016116682606562925,
    "feb_min_humidity_ratio": 0.01592408583404071,
    "applicable": true
  }
}