{
  "CE185": {
    "case_num": "CE185 - Increased Outdoor Dry-Bulb Temperature at Low Sensible Heat Ratio",
    "applicable": true
  },
  "Cooling Reporting": {
    "clg_energy_consumption_total": 1539.7610517094188,
    "clg_energy_consumption_compressor": 1400.7169404759375,
    "clg_energy_consumption_supply_fan": 139.04411123348189,
    "clg_energy_consumption_condenser_fan": "tbd",
    "evaporator_coil_load_total": 4521.306658072116,
    "evaporator_coil_load_sensible": 1564.4935512766535,
    "evaporator_coil_load_latent": 2956.8131067954628,
    "zone_load_total": 4382.262546838642,
    "zone_load_sensible": 1435.4537499474616,
    "zone_load_latent": 2946.8087968911727,
    "feb_mean_cop": 2.846066629606927,
    "feb_max_cop": 2.8515433483161163,
    "feb_min_cop": 2.837954177576506,
    "feb_mean_idb": 22.200030523225923,
    "feb_max_idb": 22.20003838862242,
    "feb_min_idb": 22.200027629639074,
    "feb_mean_humidity_ratio": 0.016074121304505067,
    "feb_max_humidity_ratio": 0.01614590119830429,
    "feb_min_humidity_ratio": 0.015948670507920894,
    "applicable": true
  }
}