{
  "CE185": {
    "case_num": "CE185 - Increased Outdoor Dry-Bulb Temperature at Low Sensible Heat Ratio",
    "applicable": true
  },
  "Cooling Reporting": {
    "clg_energy_consumption_total": 1540.4935208570946,
    "clg_energy_consumption_compressor": 1401.359391504538,
    "clg_energy_consumption_supply_fan": 139.1341293525567,
    "clg_energy_consumption_condenser_fan": "tbd",
    "evaporator_coil_load_total": 4521.441197115259,
    "evaporator_coil_load_sensible": 1564.6284478312757,
    "evaporator_coil_load_latent": 2956.8127492839785,
    "zone_load_total": 4382.307067762699,
    "zone_load_sensible": 1435.4914266695196,
    "zone_load_latent": 2946.8156410931792,
    "feb_mean_cop": 2.844742290979897,
    "feb_max_cop": 2.850216982913712,
    "feb_min_cop": 2.8368277012913565,
    "feb_mean_idb": 22.167237666509735,
    "feb_max_idb": 22.167803685381767,
    "feb_min_idb": 22.162794587289913,
    "feb_mean_humidity_ratio": 0.01604930584222351,
    "feb_max_humidity_ratio": 0.016116637084692888,
    "feb_min_humidity_ratio": 0.01592410906200229,
    "applicable": true
  }
}