{
  "CE195": {
    "case_num": "CE195 - Increased Outdoor Dry-Bulb Temperature at Low Sensible Heat Rato and Low Part-Load Rato",
    "applicable": true
  },
  "Cooling Reporting": {
    "clg_energy_consumption_total": 249.67965177808662,
    "clg_energy_consumption_compressor": 227.0713141635801,
    "clg_energy_consumption_supply_fan": 22.608337614506627,
    "clg_energy_consumption_condenser_fan": "tbd",
    "evaporator_coil_load_total": 596.5867501406819,
    "evaporator_coil_load_sensible": 226.9637305983126,
    "evaporator_coil_load_latent": 369.62301954236847,
    "zone_load_total": 573.9784125261743,
    "zone_load_sensible": 205.6978916838642,
    "zone_load_latent": 368.2805208423105,
    "feb_mean_cop": 2.2988593921795517,
    "feb_max_cop": 2.3162708016416835,
    "feb_min_cop": 2.2883384019174398,
    "feb_mean_idb": 22.195907459124765,
    "feb_max_idb": 22.195953816104304,
    "feb_min_idb": 22.195631047624808,
    "feb_mean_humidity_ratio": 0.015465805516969137,
    "feb_max_humidity_ratio": 0.015907037772488117,
    "feb_min_humidity_ratio": 0.015299077432165414,
    "applicable": true
  }
}