{
  "CE195": {
    "case_num": "CE195 - Increased Outdoor Dry-Bulb Temperature at Low Sensible Heat Rato and Low Part-Load Rato",
    "applicable": true
  },
  "Cooling Reporting": {
    "clg_energy_consumption_total": 249.67941385909032,
    "clg_energy_consumption_compressor": 227.0710984677506,
    "clg_energy_consumption_supply_fan": 22.608315391339765,
    "clg_energy_consumption_condenser_fan": "tbd",
    "evaporator_coil_load_total": 596.5862253628231,
    "evaporator_coil_load_sensible": 226.96321298043543,
    "evaporator_coil_load_latent": 369.6230123823877,
    "zone_load_total": 573.9779099714839,
    "zone_load_sensible": 205.6973944003418,
    "zone_load_latent": 368.2805155711419,
    "feb_mean_cop": 2.29885956995804,
    "feb_max_cop": 2.3162693881358014,
    "feb_min_cop": 2.2883393587805356,
    "feb_mean_idb": 22.195905206248717,
    "feb_max_idb": 22.19595205891801,
    "feb_min_idb": 22.195629533378124,
    "feb_mean_humidity_ratio": 0.015465812945942528,
    "feb_max_humidity_ratio": 0.015907033060365536,
    "feb_min_humidity_ratio": 0.015299096605664798,
    "applicable": true
  }
}