{
  "CE195": {
    "case_num": "CE195 - Increased Outdoor Dry-Bulb Temperature at Low Sensible Heat Rato and Low Part-Load Rato",
    "applicable": true
  },
  "Cooling Reporting": {
    "clg_energy_consumption_total": 249.67965177808665,
    "clg_energy_consumption_compressor": 227.07131416358035,
    "clg_energy_consumption_supply_fan": 22.60833761450664,
    "clg_energy_consumption_condenser_fan": "tbd",
    "evaporator_coil_load_total": 596.5867501406808,
    "evaporator_coil_load_sensible": 226.96373059831254,
    "evaporator_coil_load_latent": 369.6230195423686,
    "zone_load_total": 573.9784125261742,
    "zone_load_sensible": 205.69789168386447,
    "zone_load_latent": 368.28052084231064,
    "feb_mean_cop": 2.298859392179551,
    "feb_max_cop": 2.3162708016416778,
    "feb_min_cop": 2.2883384019174406,
    "feb_mean_idb": 22.19590745912477,
    "feb_max_idb": 22.195953816104304,
    "feb_min_idb": 22.195631047624843,
    "feb_mean_humidity_ratio": 0.015465805516969128,
    "feb_max_humidity_ratio": 0.015907037772488065,
    "feb_min_humidity_ratio": 0.015299077432165404,
    "applicable": true
  }
}