{
  "CE195": {
    "case_num": "CE195 - Increased Outdoor Dry-Bulb Temperature at Low Sensible Heat Rato and Low Part-Load Rato",
    "applicable": true
  },
  "Cooling Reporting": {
    "clg_energy_consumption_total": 249.67011077447847,
    "clg_energy_consumption_compressor": 227.06287272891137,
    "clg_energy_consumption_supply_fan": 22.60723804556734,
    "clg_energy_consumption_condenser_fan": "tbd",
    "evaporator_coil_load_total": 596.5856186629316,
    "evaporator_coil_load_sensible": 226.96256138167598,
    "evaporator_coil_load_latent": 369.62305728125534,
    "zone_load_total": 573.9783806173641,
    "zone_load_sensible": 205.69789014105385,
    "zone_load_latent": 368.28049047631015,
    "feb_mean_cop": 2.2989471140012676,
    "feb_max_cop": 2.31630615346482,
    "feb_min_cop": 2.288438361315191,
    "feb_mean_idb": 22.19590729696803,
    "feb_max_idb": 22.195954320836087,
    "feb_min_idb": 22.19563337017234,
    "feb_mean_humidity_ratio": 0.015465795310426415,
    "feb_max_humidity_ratio": 0.015906288003554862,
    "feb_min_humidity_ratio": 0.015299067296944819,
    "applicable": true
  }
}