{
  "CE195": {
    "case_num": "CE195 - Increased Outdoor Dry-Bulb Temperature at Low Sensible Heat Rato and Low Part-Load Rato",
    "applicable": true
  },
  "Cooling Reporting": {
    "clg_energy_consumption_total": 249.67143760479797,
    "clg_energy_consumption_compressor": 227.06400165682527,
    "clg_energy_consumption_supply_fan": 22.607435947972622,
    "clg_energy_consumption_condenser_fan": "tbd",
    "evaporator_coil_load_total": 596.5815000004613,
    "evaporator_coil_load_sensible": 226.95835227783962,
    "evaporator_coil_load_latent": 369.62314772262164,
    "zone_load_total": 573.9740640524882,
    "zone_load_sensible": 205.6934446157553,
    "zone_load_latent": 368.2806194367333,
    "feb_mean_cop": 2.298917607712201,
    "feb_max_cop": 2.316396612920474,
    "feb_min_cop": 2.2883746031111034,
    "feb_mean_idb": 22.200313365530175,
    "feb_max_idb": 22.200371293554404,
    "feb_min_idb": 22.200302184899,
    "feb_mean_humidity_ratio": 0.015463174638317569,
    "feb_max_humidity_ratio": 0.01590755151373447,
    "feb_min_humidity_ratio": 0.015296296089258227,
    "applicable": true
  }
}