{
  "195": {
    "case_num": "195 - Solid Conduction Test",
    "applicable": true
  },
  "Envelope Reporting": {
    "annual_heating": 4.355555555555556,
    "annual_cooling": 0.4111111111111111,
    "peak_heating_value": 2.090202043212553,
    "peak_heating_time": "04-JAN-05:45",
    "peak_cooling_value": 0.7300468231351402,
    "peak_cooling_time": "26-JUL-16:00",
    "sens_htg_clg_0104": "[\"January 4January 4\", \"HeatingCooling\", 2.0, 2.05, 2.09, 2.08, 2.09, 2.09, 2.09, 2.08, 2.02, 1.92, 1.79, 1.65, 1.6, 1.54, 1.46, 1.45, 1.56, 1.71, 1.83, 1.88, 1.88, 1.9, 1.9, 1.87]",
    "temp_0104": "[\"January 4\", 20.0, 20.0, 20.0, 20.0, 20.0, 20.0, 20.0, 20.0, 20.0, 20.0, 20.0, 20.0, 20.0, 20.0, 20.0, 20.0, 20.0, 20.0, 20.0, 20.0, 20.0, 20.0, 20.0, 20.0]",
    "temp_0727": "[\"July 27\", 20.0, 20.0, 20.0, 20.0, 20.0, 20.0, 20.0, 20.0, 20.0, 20.0, 20.0, 20.0, 20.0, 20.0, 20.0, 20.0, 20.0, 20.0, 20.0, 20.0, 20.0, 20.0, 20.0, 20.0]",
    "temp_bins": "[0, 0, 0, 0, 0, 0, 0, 0, 0, 0, 0, 0, 0, 0, 0, 0, 0, 0, 0, 0, 0, 0, 0, 0, 0, 0, 0, 0, 0, 0, 0, 0, 0, 0, 0, 0, 0, 0, 0, 1506, 7254, 0, 0, 0, 0, 0, 0, 0, 0, 0, 0, 0, 0, 0, 0, 0, 0, 0, 0, 0, 0, 0, 0, 0, 0, 0, 0, 0, 0, 0, 0, 0, 0, 0, 0, 0, 0, 0, 0, 0, 0, 0, 0, 0, 0, 0, 0, 0, 0, 0, 0]",
    "min_temp": 19.999999999999762,
    "min_index_position": 7823,
    "max_temp": 20.00000000000029,
    "max_index_position": 1110,
    "avg_temp": 20.0,
    "applicable": true
  }
}