{
  "195": {
    "case_num": "195 - Solid Conduction Test",
    "applicable": true
  },
  "Envelope Reporting": {
    "annual_heating": 4.361111111111111,
    "annual_cooling": 0.41388888888888886,
    "peak_heating_value": 2.09174106852423,
    "peak_heating_time": "04-JAN-05:45",
    "peak_cooling_value": 0.730136820837475,
    "peak_cooling_time": "26-JUL-16:00",
    "sens_htg_clg_0104": "[\"January 4January 4\", \"HeatingCooling\", 2.0, 2.05, 2.09, 2.08, 2.09, 2.09, 2.09, 2.09, 2.02, 1.92, 1.79, 1.65, 1.6, 1.54, 1.46, 1.45, 1.56, 1.71, 1.83, 1.88, 1.89, 1.9, 1.9, 1.88]",
    "temp_0104": "[\"January 4\", 20.0, 20.0, 20.0, 20.0, 20.0, 20.0, 20.0, 20.0, 20.0, 20.0, 20.0, 20.0, 20.0, 20.0, 20.0, 20.0, 20.0, 20.0, 20.0, 20.0, 20.0, 20.0, 20.0, 20.0]",
    "temp_0727": "[\"July 27\", 20.0, 20.0, 20.0, 20.0, 20.0, 20.0, 20.0, 20.0, 20.0, 20.0, 20.0, 20.0, 20.0, 20.0, 20.0, 20.0, 20.0, 20.0, 20.0, 20.0, 20.0, 20.0, 20.0, 20.0]",
    "temp_bins": "[0, 0, 0, 0, 0, 0, 0, 0, 0, 0, 0, 0, 0, 0, 0, 0, 0, 0, 0, 0, 0, 0, 0, 0, 0, 0, 0, 0, 0, 0, 0, 0, 0, 0, 0, 0, 0, 0, 0, 1420, 7340, 0, 0, 0, 0, 0, 0, 0, 0, 0, 0, 0, 0, 0, 0, 0, 0, 0, 0, 0, 0, 0, 0, 0, 0, 0, 0, 0, 0, 0, 0, 0, 0, 0, 0, 0, 0, 0, 0, 0, 0, 0, 0, 0, 0, 0, 0, 0, 0, 0, 0]",
    "min_temp": 19.999999999999773,
    "min_index_position": 1560,
    "max_temp": 20.000000000000277,
    "max_index_position": 8261,
    "avg_temp": 20.0,
    "applicable": true
  }
}