{
  "195": {
    "case_num": "195 - Solid Conduction Test",
    "applicable": true
  },
  "Envelope Reporting": {
    "sens_htg_clg_0104": "[\"January 4January 4\", \"HeatingCooling\", 2.0, 2.05, 2.09, 2.08, 2.09, 2.09, 2.09, 2.09, 2.02, 1.92, 1.79, 1.65, 1.6, 1.54, 1.46, 1.45, 1.56, 1.71, 1.83, 1.88, 1.89, 1.9, 1.9, 1.88]",
    "temp_0104": "[\"January 4\", 20.0, 20.0, 20.0, 20.0, 20.0, 20.0, 20.0, 20.0, 20.0, 20.0, 20.0, 20.0, 20.0, 20.0, 20.0, 20.0, 20.0, 20.0, 20.0, 20.0, 20.0, 20.0, 20.0, 20.0]",
    "temp_0727": "[\"July 27\", 20.0, 20.0, 20.0, 20.0, 20.0, 20.0, 20.0, 20.0, 20.0, 20.0, 20.0, 20.0, 20.0, 20.0, 20.0, 20.0, 20.0, 20.0, 20.0, 20.0, 20.0, 20.0, 20.0, 20.0]",
    "temp_bins": "[0, 0, 0, 0, 0, 0, 0, 0, 0, 0, 0, 0, 0, 0, 0, 0, 0, 0, 0, 0, 0, 0, 0, 0, 0, 0, 0, 0, 0, 0, 0, 0, 0, 0, 0, 0, 0, 0, 0, 360, 8400, 0, 0, 0, 0, 0, 0, 0, 0, 0, 0, 0, 0, 0, 0, 0, 0, 0, 0, 0, 0, 0, 0, 0, 0, 0, 0, 0, 0, 0, 0, 0, 0, 0, 0, 0, 0, 0, 0, 0, 0, 0, 0, 0, 0, 0, 0, 0, 0, 0, 0]",
    "min_temp": 19.999999999999993,
    "min_index_position": 1941,
    "max_temp": 20.000000000000007,
    "max_index_position": 8429,
    "avg_temp": 20.0,
    "annual_heating": 4.3583333333333325,
    "annual_cooling": 0.41388888888888886,
    "peak_heating_value": 2.091447267118034,
    "peak_heating_time": "04-JAN-05:45",
    "peak_cooling_value": 0.7301384862543135,
    "peak_cooling_time": "26-JUL-16:00",
    "applicable": true
  }
}