{
  "CE140": {
    "case_num": "CE140 - Reduced Outdoor Dry-Bulb Temperature at Low Part-Load Ratio",
    "applicable": true
  },
  "Cooling Reporting": {
    "clg_energy_consumption_total": 67.75205352087346,
    "clg_energy_consumption_compressor": 59.66861034603166,
    "clg_energy_consumption_supply_fan": 8.083443174841756,
    "clg_energy_consumption_condenser_fan": "tbd",
    "evaporator_coil_load_total": 195.76809081690672,
    "evaporator_coil_load_sensible": 195.76809081690672,
    "evaporator_coil_load_latent": 1.169553343061125e-14,
    "zone_load_total": 187.68464764206507,
    "zone_load_sensible": 187.68464764206504,
    "zone_load_latent": 9.265477274311707e-15,
    "feb_mean_cop": 2.770169137150094,
    "feb_max_cop": 2.773512596781826,
    "feb_min_cop": 2.7636999738385413,
    "feb_mean_idb": 22.20005837851683,
    "feb_max_idb": 22.20005978081363,
    "feb_min_idb": 22.20005754131178,
    "feb_mean_humidity_ratio": 0.00656720514866449,
    "feb_max_humidity_ratio": 0.0065672051486648265,
    "feb_min_humidity_ratio": 0.006567205148664083,
    "applicable": true
  }
}