{
  "CE140": {
    "case_num": "CE140 - Reduced Outdoor Dry-Bulb Temperature at Low Part-Load Ratio",
    "applicable": true
  },
  "Cooling Reporting": {
    "clg_energy_consumption_total": 67.75222913631266,
    "clg_energy_consumption_compressor": 59.668765002786856,
    "clg_energy_consumption_supply_fan": 8.083464133525855,
    "clg_energy_consumption_condenser_fan": "tbd",
    "evaporator_coil_load_total": 195.76860364011094,
    "evaporator_coil_load_sensible": 195.76860364011094,
    "evaporator_coil_load_latent": 1.1780798558902462e-14,
    "zone_load_total": 187.68513950658507,
    "zone_load_sensible": 187.68513950658507,
    "zone_load_latent": 9.15179043659009e-15,
    "feb_mean_cop": 2.7701692165578193,
    "feb_max_cop": 2.7735128533884272,
    "feb_min_cop": 2.76369916407141,
    "feb_mean_idb": 22.200058352531848,
    "feb_max_idb": 22.200059732919204,
    "feb_min_idb": 22.20005751480555,
    "feb_mean_humidity_ratio": 0.00656720512032032,
    "feb_max_humidity_ratio": 0.006567205120320694,
    "feb_min_humidity_ratio": 0.006567205120319973,
    "applicable": true
  }
}