{
  "CE140": {
    "case_num": "CE140 - Reduced Outdoor Dry-Bulb Temperature at Low Part-Load Ratio",
    "applicable": true
  },
  "Cooling Reporting": {
    "clg_energy_consumption_total": 67.75222913631258,
    "clg_energy_consumption_compressor": 59.66876500278679,
    "clg_energy_consumption_supply_fan": 8.083464133525863,
    "clg_energy_consumption_condenser_fan": "tbd",
    "evaporator_coil_load_total": 195.76860364011125,
    "evaporator_coil_load_sensible": 195.76860364011125,
    "evaporator_coil_load_latent": 1.162447915703524e-14,
    "zone_load_total": 187.6851395065854,
    "zone_load_sensible": 187.6851395065854,
    "zone_load_latent": 9.677592061052565e-15,
    "feb_mean_cop": 2.7701692165578264,
    "feb_max_cop": 2.773512853388427,
    "feb_min_cop": 2.76369916407141,
    "feb_mean_idb": 22.200058352531844,
    "feb_max_idb": 22.2000597329192,
    "feb_min_idb": 22.20005751480556,
    "feb_mean_humidity_ratio": 0.0065672051203202715,
    "feb_max_humidity_ratio": 0.006567205120320649,
    "feb_min_humidity_ratio": 0.006567205120319955,
    "applicable": true
  }
}