{
  "CE140": {
    "case_num": "CE140 - Reduced Outdoor Dry-Bulb Temperature at Low Part-Load Ratio",
    "applicable": true
  },
  "Cooling Reporting": {
    "clg_energy_consumption_total": 67.81833045822955,
    "clg_energy_consumption_compressor": 59.724049934938265,
    "clg_energy_consumption_supply_fan": 8.09428052329124,
    "clg_energy_consumption_condenser_fan": "tbd",
    "evaporator_coil_load_total": 195.7804170589898,
    "evaporator_coil_load_sensible": 195.7804170589898,
    "evaporator_coil_load_latent": -3.410605131648481e-16,
    "zone_load_total": 187.68613653569844,
    "zone_load_sensible": 187.6861365356984,
    "zone_load_latent": 2.0548895918182097e-14,
    "feb_mean_cop": 2.7674838833034605,
    "feb_max_cop": 2.770819881430009,
    "feb_min_cop": 2.761034091077894,
    "feb_mean_idb": 22.200058501317503,
    "feb_max_idb": 22.200059903528338,
    "feb_min_idb": 22.200057659432282,
    "feb_mean_humidity_ratio": 0.0065112451678987415,
    "feb_max_humidity_ratio": 0.006511245167899109,
    "feb_min_humidity_ratio": 0.00651124516789837,
    "applicable": true
  }
}