{
  "CE140": {
    "case_num": "CE140 - Reduced Outdoor Dry-Bulb Temperature at Low Part-Load Ratio",
    "applicable": true
  },
  "Cooling Reporting": {
    "clg_energy_consumption_total": 67.7230688463256,
    "clg_energy_consumption_compressor": 59.64440967297568,
    "clg_energy_consumption_supply_fan": 8.078659173349942,
    "clg_energy_consumption_condenser_fan": "tbd",
    "evaporator_coil_load_total": 195.76419060737186,
    "evaporator_coil_load_sensible": 195.76419060737186,
    "evaporator_coil_load_latent": 9.734435479913373e-15,
    "zone_load_total": 187.68553143402184,
    "zone_load_sensible": 187.68553143402184,
    "zone_load_latent": 9.862333172350191e-15,
    "feb_mean_cop": 2.7713677869487885,
    "feb_max_cop": 2.7747075202586275,
    "feb_min_cop": 2.7649108403470906,
    "feb_mean_idb": 22.200058288689075,
    "feb_max_idb": 22.200059685304762,
    "feb_min_idb": 22.200057449896427,
    "feb_mean_humidity_ratio": 0.0065634807822314775,
    "feb_max_humidity_ratio": 0.006563480782231843,
    "feb_min_humidity_ratio": 0.006563480782231024,
    "applicable": true
  }
}