{
  "395": {
    "case_num": "395 - Solid Conduction Test",
    "applicable": true
  },
  "Envelope Reporting": {
    "annual_heating": 4.9833333333333325,
    "annual_cooling": 0.0,
    "peak_heating_value": 2.2333477032483593,
    "peak_heating_time": "04-JAN-03:15",
    "peak_cooling_value": 0.07358674673081388,
    "peak_cooling_time": "27-JUL-17:45",
    "sens_htg_clg_0104": "[\"January 4January 4\", \"HeatingCooling\", 2.12, 2.18, 2.23, 2.23, 2.22, 2.21, 2.22, 2.22, 2.19, 2.12, 2.0, 1.86, 1.79, 1.71, 1.63, 1.62, 1.7, 1.81, 1.94, 2.01, 2.02, 2.02, 2.01, 2.0]",
    "temp_0104": "[\"January 4\", 20.0, 20.0, 20.0, 20.0, 20.0, 20.0, 20.0, 20.0, 20.0, 20.0, 20.0, 20.0, 20.0, 20.0, 20.0, 20.0, 20.0, 20.0, 20.0, 20.0, 20.0, 20.0, 20.0, 20.0]",
    "temp_0727": "[\"July 27\", 25.6, 24.9, 24.3, 23.6, 22.9, 22.3, 21.9, 21.9, 22.2, 22.7, 23.4, 24.0, 24.6, 25.3, 26.0, 26.7, 27.0, 27.0, 27.0, 27.0, 27.0, 26.8, 26.4, 26.0]",
    "temp_bins": "[0, 0, 0, 0, 0, 0, 0, 0, 0, 0, 0, 0, 0, 0, 0, 0, 0, 0, 0, 0, 0, 0, 0, 0, 0, 0, 0, 0, 0, 0, 0, 0, 0, 0, 0, 0, 0, 0, 0, 1333, 6192, 380, 326, 214, 166, 95, 50, 4, 0, 0, 0, 0, 0, 0, 0, 0, 0, 0, 0, 0, 0, 0, 0, 0, 0, 0, 0, 0, 0, 0, 0, 0, 0, 0, 0, 0, 0, 0, 0, 0, 0, 0, 0, 0, 0, 0, 0, 0, 0, 0, 0]",
    "min_temp": 19.999999999999716,
    "min_index_position": 7853,
    "max_temp": 27.0,
    "max_index_position": 4987,
    "avg_temp": 20.45477505795066,
    "applicable": true
  }
}