{
  "200": {
    "case_num": "200 - Surface Convection/Infrared Radiation",
    "applicable": true
  },
  "Envelope Reporting": {
    "annual_heating": 5.575,
    "annual_cooling": 0.586111111111111,
    "peak_heating_value": 2.8519426460729282,
    "peak_heating_time": "04-JAN-05:15",
    "peak_cooling_value": 0.9745083298233144,
    "peak_cooling_time": "26-JUL-15:30",
    "sens_htg_clg_0104": "[\"January 4January 4\", \"HeatingCooling\", 2.67, 2.75, 2.78, 2.78, 2.84, 2.85, 2.84, 2.79, 2.57, 2.4, 2.17, 2.0, 1.95, 1.86, 1.79, 1.84, 2.1, 2.32, 2.45, 2.48, 2.53, 2.6, 2.57, 2.49]",
    "temp_0104": "[\"January 4\", 20.0, 20.0, 20.0, 20.0, 20.0, 20.0, 20.0, 20.0, 20.0, 20.0, 20.0, 20.0, 20.0, 20.0, 20.0, 20.0, 20.0, 20.0, 20.0, 20.0, 20.0, 20.0, 20.0, 20.0]",
    "temp_0727": "[\"July 27\", 20.0, 20.0, 20.0, 20.0, 20.0, 20.0, 20.0, 20.0, 20.0, 20.0, 20.0, 20.0, 20.0, 20.0, 20.0, 20.0, 20.0, 20.0, 20.0, 20.0, 20.0, 20.0, 20.0, 20.0]",
    "temp_bins": "[0, 0, 0, 0, 0, 0, 0, 0, 0, 0, 0, 0, 0, 0, 0, 0, 0, 0, 0, 0, 0, 0, 0, 0, 0, 0, 0, 0, 0, 0, 0, 0, 0, 0, 0, 0, 0, 0, 0, 1359, 7401, 0, 0, 0, 0, 0, 0, 0, 0, 0, 0, 0, 0, 0, 0, 0, 0, 0, 0, 0, 0, 0, 0, 0, 0, 0, 0, 0, 0, 0, 0, 0, 0, 0, 0, 0, 0, 0, 0, 0, 0, 0, 0, 0, 0, 0, 0, 0, 0, 0, 0]",
    "min_temp": 19.999999999999705,
    "min_index_position": 86,
    "max_temp": 20.000000000000362,
    "max_index_position": 71,
    "avg_temp": 20.0,
    "applicable": true
  }
}