{
  "200": {
    "case_num": "200 - Surface Convection/Infrared Radiation",
    "applicable": true
  },
  "Envelope Reporting": {
    "annual_heating": 5.583333333333333,
    "annual_cooling": 0.5888888888888888,
    "peak_heating_value": 2.8557595652051417,
    "peak_heating_time": "04-JAN-05:15",
    "peak_cooling_value": 0.974616941741742,
    "peak_cooling_time": "26-JUL-15:30",
    "sens_htg_clg_0104": "[\"January 4January 4\", \"HeatingCooling\", 0.0, 0.0, 0.0, 0.0, 0.0, 0.0, 0.0, 0.0, 0.0, 0.0, 0.0, 0.0, 0.0, 0.0, 0.0, 0.0, 0.0, 0.0, 0.0, 0.0, 0.0, 0.0, 0.0, 0.0]",
    "temp_0104": "[\"January 4\", 0.0, 0.0, 0.0, 0.0, 0.0, 0.0, 0.0, 0.0, 0.0, 0.0, 0.0, 0.0, 0.0, 0.0, 0.0, 0.0, 0.0, 0.0, 0.0, 0.0, 0.0, 0.0, 0.0, 0.0]",
    "temp_0727": "[\"July 27\", 0.0, 0.0, 0.0, 0.0, 0.0, 0.0, 0.0, 0.0, 0.0, 0.0, 0.0, 0.0, 0.0, 0.0, 0.0, 0.0, 0.0, 0.0, 0.0, 0.0, 0.0, 0.0, 0.0, 0.0]",
    "temp_bins": "[0, 0, 0, 0, 0, 0, 0, 0, 0, 0, 0, 0, 0, 0, 0, 0, 0, 0, 0, 0, 0, 0, 0, 0, 0, 0, 0, 0, 0, 0, 0, 0, 0, 0, 0, 0, 0, 0, 0, 1386, 7374, 0, 0, 0, 0, 0, 0, 0, 0, 0, 0, 0, 0, 0, 0, 0, 0, 0, 0, 0, 0, 0, 0, 0, 0, 0, 0, 0, 0, 0, 0, 0, 0, 0, 0, 0, 0, 0, 0, 0, 0, 0, 0, 0, 0, 0, 0, 0, 0, 0, 0]",
    "min_temp": 19.999999999999698,
    "min_index_position": 2259,
    "max_temp": 20.000000000000362,
    "max_index_position": 47,
    "avg_temp": 20.000000000000004,
    "applicable": true
  }
}