{
  "440": {
    "case_num": "440 - Cavity Albedo",
    "applicable": true
  },
  "Envelope Reporting": {
    "annual_heating": 4.566666666666666,
    "annual_cooling": 4.25,
    "peak_heating_value": 3.7509694996697593,
    "peak_heating_time": "04-JAN-05:00",
    "peak_cooling_value": 4.718497664935908,
    "peak_cooling_time": "17-OCT-13:00",
    "sens_htg_clg_0104": "[\"January 4January 4\", \"HeatingCooling\", 3.58, 3.7, 3.73, 3.74, 3.75, 3.75, 3.75, 3.51, 2.35, 1.14, 0.08, -0.02, -0.87, -1.44, -1.18, -0.29, 0.0, 0.9, 2.14, 2.73, 3.06, 3.23, 3.27, 3.28]",
    "temp_0104": "[\"January 4\", 20.0, 20.0, 20.0, 20.0, 20.0, 20.0, 20.0, 20.0, 20.0, 20.0, 21.1, 25.4, 27.0, 27.0, 27.0, 26.8, 23.3, 20.0, 20.0, 20.0, 20.0, 20.0, 20.0, 20.0]",
    "temp_0727": "[\"July 27\", 25.8, 24.9, 24.1, 23.3, 22.6, 22.3, 23.1, 25.1, 26.9, 27.0, 27.0, 27.0, 27.0, 27.0, 27.0, 27.0, 27.0, 27.0, 27.0, 27.0, 27.0, 27.0, 27.0, 26.5]",
    "temp_bins": "[0, 0, 0, 0, 0, 0, 0, 0, 0, 0, 0, 0, 0, 0, 0, 0, 0, 0, 0, 0, 0, 0, 0, 0, 0, 0, 0, 0, 0, 0, 0, 0, 0, 0, 0, 0, 0, 0, 0, 963, 3152, 380, 338, 326, 354, 308, 2012, 927, 0, 0, 0, 0, 0, 0, 0, 0, 0, 0, 0, 0, 0, 0, 0, 0, 0, 0, 0, 0, 0, 0, 0, 0, 0, 0, 0, 0, 0, 0, 0, 0, 0, 0, 0, 0, 0, 0, 0, 0, 0, 0, 0]",
    "min_temp": 19.999999999999694,
    "min_index_position": 8186,
    "max_temp": 27.00000000000054,
    "max_index_position": 6947,
    "avg_temp": 23.012832372737364,
    "applicable": true
  }
}