{
  "440": {
    "case_num": "440 - Cavity Albedo",
    "applicable": true
  },
  "Envelope Reporting": {
    "annual_heating": 4.572222222222222,
    "annual_cooling": 4.252777777777778,
    "peak_heating_value": 3.7527037234551543,
    "peak_heating_time": "04-JAN-05:00",
    "peak_cooling_value": 4.720436206710264,
    "peak_cooling_time": "17-OCT-13:00",
    "sens_htg_clg_0104": "[\"January 4January 4\", \"HeatingCooling\", 3.59, 3.7, 3.73, 3.74, 3.75, 3.75, 3.75, 3.51, 2.35, 1.13, 0.08, -0.02, -0.88, -1.45, -1.18, -0.29, 0.0, 0.9, 2.14, 2.74, 3.07, 3.24, 3.27, 3.28]",
    "temp_0104": "[\"January 4\", 20.0, 20.0, 20.0, 20.0, 20.0, 20.0, 20.0, 20.0, 20.0, 20.0, 21.1, 25.4, 27.0, 27.0, 27.0, 26.8, 23.3, 20.0, 20.0, 20.0, 20.0, 20.0, 20.0, 20.0]",
    "temp_0727": "[\"July 27\", 25.8, 24.9, 24.1, 23.3, 22.6, 22.3, 23.1, 25.1, 26.9, 27.0, 27.0, 27.0, 27.0, 27.0, 27.0, 27.0, 27.0, 27.0, 27.0, 27.0, 27.0, 27.0, 27.0, 26.5]",
    "temp_bins": "[0, 0, 0, 0, 0, 0, 0, 0, 0, 0, 0, 0, 0, 0, 0, 0, 0, 0, 0, 0, 0, 0, 0, 0, 0, 0, 0, 0, 0, 0, 0, 0, 0, 0, 0, 0, 0, 0, 0, 950, 3165, 379, 336, 329, 354, 308, 2000, 939, 0, 0, 0, 0, 0, 0, 0, 0, 0, 0, 0, 0, 0, 0, 0, 0, 0, 0, 0, 0, 0, 0, 0, 0, 0, 0, 0, 0, 0, 0, 0, 0, 0, 0, 0, 0, 0, 0, 0, 0, 0, 0, 0]",
    "min_temp": 19.999999999999623,
    "min_index_position": 79,
    "max_temp": 27.00000000000038,
    "max_index_position": 7548,
    "avg_temp": 23.01305129544431,
    "applicable": true
  }
}