{
  "410": {
    "case_num": "410 - Infiltration",
    "applicable": true
  },
  "Envelope Reporting": {
    "annual_heating": 8.905555555555555,
    "annual_cooling": 0.016666666666666666,
    "peak_heating_value": 4.153311779335989,
    "peak_heating_time": "04-JAN-05:15",
    "peak_cooling_value": 0.39510731991570064,
    "peak_cooling_time": "26-JUL-17:30",
    "sens_htg_clg_0104": "[\"January 4January 4\", \"HeatingCooling\", 3.97, 4.09, 4.13, 4.13, 4.15, 4.15, 4.15, 4.13, 3.98, 3.78, 3.47, 3.24, 3.12, 2.96, 2.86, 2.94, 3.19, 3.46, 3.65, 3.71, 3.75, 3.78, 3.74, 3.69]",
    "temp_0104": "[\"January 4\", 20.0, 20.0, 20.0, 20.0, 20.0, 20.0, 20.0, 20.0, 20.0, 20.0, 20.0, 20.0, 20.0, 20.0, 20.0, 20.0, 20.0, 20.0, 20.0, 20.0, 20.0, 20.0, 20.0, 20.0]",
    "temp_0727": "[\"July 27\", 24.6, 23.6, 22.7, 21.8, 21.0, 20.4, 20.3, 21.0, 21.9, 23.1, 24.3, 25.4, 26.6, 27.0, 27.0, 27.0, 27.0, 27.0, 27.0, 27.0, 27.0, 26.5, 25.9, 25.2]",
    "temp_bins": "[0, 0, 0, 0, 0, 0, 0, 0, 0, 0, 0, 0, 0, 0, 0, 0, 0, 0, 0, 0, 0, 0, 0, 0, 0, 0, 0, 0, 0, 0, 0, 0, 0, 0, 0, 0, 0, 0, 0, 2060, 5327, 325, 267, 230, 172, 135, 209, 35, 0, 0, 0, 0, 0, 0, 0, 0, 0, 0, 0, 0, 0, 0, 0, 0, 0, 0, 0, 0, 0, 0, 0, 0, 0, 0, 0, 0, 0, 0, 0, 0, 0, 0, 0, 0, 0, 0, 0, 0, 0, 0, 0]",
    "min_temp": 19.999999999999645,
    "min_index_position": 8189,
    "max_temp": 27.00000000000005,
    "max_index_position": 4983,
    "avg_temp": 20.608042772519283,
    "applicable": true
  }
}