{
  "410": {
    "case_num": "410 - Infiltration",
    "applicable": true
  },
  "Envelope Reporting": {
    "sens_htg_clg_0104": "[\"January 4January 4\", \"HeatingCooling\", 3.97, 4.09, 4.13, 4.13, 4.16, 4.16, 4.15, 4.13, 3.99, 3.78, 3.47, 3.24, 3.12, 2.96, 2.86, 2.94, 3.19, 3.46, 3.66, 3.71, 3.75, 3.78, 3.74, 3.69]",
    "temp_0104": "[\"January 4\", 20.0, 20.0, 20.0, 20.0, 20.0, 20.0, 20.0, 20.0, 20.0, 20.0, 20.0, 20.0, 20.0, 20.0, 20.0, 20.0, 20.0, 20.0, 20.0, 20.0, 20.0, 20.0, 20.0, 20.0]",
    "temp_0727": "[\"July 27\", 24.6, 23.6, 22.7, 21.8, 21.0, 20.4, 20.3, 21.0, 21.9, 23.1, 24.3, 25.4, 26.5, 27.0, 27.0, 27.0, 27.0, 27.0, 27.0, 27.0, 27.0, 26.5, 25.9, 25.2]",
    "temp_bins": "[0, 0, 0, 0, 0, 0, 0, 0, 0, 0, 0, 0, 0, 0, 0, 0, 0, 0, 0, 0, 0, 0, 0, 0, 0, 0, 0, 0, 0, 0, 0, 0, 0, 0, 0, 0, 0, 0, 0, 325, 7062, 325, 267, 231, 171, 135, 196, 48, 0, 0, 0, 0, 0, 0, 0, 0, 0, 0, 0, 0, 0, 0, 0, 0, 0, 0, 0, 0, 0, 0, 0, 0, 0, 0, 0, 0, 0, 0, 0, 0, 0, 0, 0, 0, 0, 0, 0, 0, 0, 0, 0]",
    "min_temp": 19.999999999999993,
    "min_index_position": 2242,
    "max_temp": 27.000000000000004,
    "max_index_position": 5706,
    "avg_temp": 20.607934866463186,
    "annual_heating": 8.91388888888889,
    "annual_cooling": 0.016666666666666666,
    "peak_heating_value": 4.156692759062937,
    "peak_heating_time": "04-JAN-05:15",
    "peak_cooling_value": 0.3954723439316512,
    "peak_cooling_time": "26-JUL-17:30",
    "applicable": true
  }
}