{
  "800": {
    "case_num": "800 - High-Mass without Solar Gains",
    "applicable": true
  },
  "Envelope Reporting": {
    "annual_heating": 5.369444444444444,
    "annual_cooling": 0.20555555555555555,
    "peak_heating_value": 3.7887591007257018,
    "peak_heating_time": "04-JAN-07:15",
    "peak_cooling_value": 0.8515834880113659,
    "peak_cooling_time": "28-JUL-14:00",
    "sens_htg_clg_0104": "[\"January 4January 4\", \"HeatingCooling\", 3.57, 3.67, 3.69, 3.71, 3.76, 3.78, 3.79, 3.72, 3.35, 2.98, 2.54, 2.3, 2.2, 2.08, 2.08, 2.25, 2.69, 2.99, 3.11, 3.15, 3.21, 3.26, 3.25, 3.24]",
    "temp_0104": "[\"January 4\", 20.0, 20.0, 20.0, 20.0, 20.0, 20.0, 20.0, 20.0, 20.0, 20.0, 20.0, 20.0, 20.0, 20.0, 20.0, 20.0, 20.0, 20.0, 20.0, 20.0, 20.0, 20.0, 20.0, 20.0]",
    "temp_0727": "[\"July 27\", 27.0, 27.0, 26.8, 26.5, 26.3, 26.2, 26.5, 27.0, 27.0, 27.0, 27.0, 27.0, 27.0, 27.0, 27.0, 27.0, 27.0, 27.0, 27.0, 27.0, 27.0, 27.0, 27.0, 27.0]",
    "temp_bins": "[0, 0, 0, 0, 0, 0, 0, 0, 0, 0, 0, 0, 0, 0, 0, 0, 0, 0, 0, 0, 0, 0, 0, 0, 0, 0, 0, 0, 0, 0, 0, 0, 0, 0, 0, 0, 0, 0, 0, 1427, 4198, 476, 408, 417, 421, 398, 653, 362, 0, 0, 0, 0, 0, 0, 0, 0, 0, 0, 0, 0, 0, 0, 0, 0, 0, 0, 0, 0, 0, 0, 0, 0, 0, 0, 0, 0, 0, 0, 0, 0, 0, 0, 0, 0, 0, 0, 0, 0, 0, 0, 0]",
    "min_temp": 19.99999999999962,
    "min_index_position": 59,
    "max_temp": 27.00000000000008,
    "max_index_position": 5461,
    "avg_temp": 21.650140452672346,
    "applicable": true
  }
}