{
  "800": {
    "case_num": "800 - High-Mass without Solar Gains",
    "applicable": true
  },
  "Envelope Reporting": {
    "sens_htg_clg_0104": "[\"January 4January 4\", \"HeatingCooling\", 3.57, 3.67, 3.69, 3.71, 3.76, 3.78, 3.79, 3.72, 3.35, 2.98, 2.54, 2.3, 2.2, 2.08, 2.08, 2.25, 2.69, 2.99, 3.11, 3.15, 3.21, 3.26, 3.25, 3.24]",
    "temp_0104": "[\"January 4\", 20.0, 20.0, 20.0, 20.0, 20.0, 20.0, 20.0, 20.0, 20.0, 20.0, 20.0, 20.0, 20.0, 20.0, 20.0, 20.0, 20.0, 20.0, 20.0, 20.0, 20.0, 20.0, 20.0, 20.0]",
    "temp_0727": "[\"July 27\", 27.0, 27.0, 26.8, 26.5, 26.3, 26.2, 26.5, 27.0, 27.0, 27.0, 27.0, 27.0, 27.0, 27.0, 27.0, 27.0, 27.0, 27.0, 27.0, 27.0, 27.0, 27.0, 27.0, 27.0]",
    "temp_bins": "[0, 0, 0, 0, 0, 0, 0, 0, 0, 0, 0, 0, 0, 0, 0, 0, 0, 0, 0, 0, 0, 0, 0, 0, 0, 0, 0, 0, 0, 0, 0, 0, 0, 0, 0, 0, 0, 0, 0, 215, 5403, 476, 412, 416, 420, 399, 536, 483, 0, 0, 0, 0, 0, 0, 0, 0, 0, 0, 0, 0, 0, 0, 0, 0, 0, 0, 0, 0, 0, 0, 0, 0, 0, 0, 0, 0, 0, 0, 0, 0, 0, 0, 0, 0, 0, 0, 0, 0, 0, 0, 0]",
    "min_temp": 19.999999999999993,
    "min_index_position": 358,
    "max_temp": 27.000000000000007,
    "max_index_position": 5869,
    "avg_temp": 21.653385444466654,
    "annual_heating": 5.361111111111111,
    "annual_cooling": 0.20555555555555555,
    "peak_heating_value": 3.7884519224570603,
    "peak_heating_time": "04-JAN-07:15",
    "peak_cooling_value": 0.8518628140446374,
    "peak_cooling_time": "28-JUL-14:00",
    "applicable": true
  }
}