{
  "CE180": {
    "case_num": "CE180 - Increased Latent Load",
    "applicable": true
  },
  "Cooling Reporting": {
    "clg_energy_consumption_total": 1082.3131048742046,
    "clg_energy_consumption_compressor": 963.8512655669011,
    "clg_energy_consumption_supply_fan": 118.46183930730432,
    "clg_energy_consumption_condenser_fan": "tbd",
    "evaporator_coil_load_total": 4480.723497981536,
    "evaporator_coil_load_sensible": 1523.9173180698522,
    "evaporator_coil_load_latent": 2956.8061799116776,
    "zone_load_total": 4362.261658674229,
    "zone_load_sensible": 1417.494084726234,
    "zone_load_latent": 2944.767573947992,
    "feb_mean_cop": 4.030498789147755,
    "feb_max_cop": 4.036146872066622,
    "feb_min_cop": 4.024028213689418,
    "feb_mean_idb": 22.157097277254962,
    "feb_max_idb": 22.15821167501312,
    "feb_min_idb": 22.154923401142284,
    "feb_mean_humidity_ratio": 0.016161653781694114,
    "feb_max_humidity_ratio": 0.016200461892343646,
    "feb_min_humidity_ratio": 0.01604259790365916,
    "applicable": true
  }
}