{
  "CE180": {
    "case_num": "CE180 - Increased Latent Load",
    "applicable": true
  },
  "Cooling Reporting": {
    "clg_energy_consumption_total": 1082.3131048742046,
    "clg_energy_consumption_compressor": 963.8512655669002,
    "clg_energy_consumption_supply_fan": 118.46183930730434,
    "clg_energy_consumption_condenser_fan": "tbd",
    "evaporator_coil_load_total": 4480.7234979815385,
    "evaporator_coil_load_sensible": 1523.9173180698538,
    "evaporator_coil_load_latent": 2956.8061799116767,
    "zone_load_total": 4362.261658674232,
    "zone_load_sensible": 1417.4940847262367,
    "zone_load_latent": 2944.767573947993,
    "feb_mean_cop": 4.030498789147758,
    "feb_max_cop": 4.03614687206663,
    "feb_min_cop": 4.0240282136894105,
    "feb_mean_idb": 22.157097277254977,
    "feb_max_idb": 22.158211675013472,
    "feb_min_idb": 22.154923401142472,
    "feb_mean_humidity_ratio": 0.016161653781694114,
    "feb_max_humidity_ratio": 0.016200461892343657,
    "feb_min_humidity_ratio": 0.01604259790365914,
    "applicable": true
  }
}