{
  "CE180": {
    "case_num": "CE180 - Increased Latent Load",
    "applicable": true
  },
  "Cooling Reporting": {
    "clg_energy_consumption_total": 1082.3133085796803,
    "clg_energy_consumption_compressor": 963.851423459294,
    "clg_energy_consumption_supply_fan": 118.46188512038648,
    "clg_energy_consumption_condenser_fan": "tbd",
    "evaporator_coil_load_total": 4480.723427879248,
    "evaporator_coil_load_sensible": 1523.9172476012507,
    "evaporator_coil_load_latent": 2956.806180277993,
    "zone_load_total": 4362.261542758863,
    "zone_load_sensible": 1417.4939622431632,
    "zone_load_latent": 2944.7675805157037,
    "feb_mean_cop": 4.030497923455693,
    "feb_max_cop": 4.036145959550959,
    "feb_min_cop": 4.024029493902543,
    "feb_mean_idb": 22.157077971638678,
    "feb_max_idb": 22.158192073364784,
    "feb_min_idb": 22.154883070300453,
    "feb_mean_humidity_ratio": 0.016161639494141993,
    "feb_max_humidity_ratio": 0.016200432602512093,
    "feb_min_humidity_ratio": 0.01604258712824103,
    "applicable": true
  }
}