{
  "CE180": {
    "case_num": "CE180 - Increased Latent Load",
    "applicable": true
  },
  "Cooling Reporting": {
    "clg_energy_consumption_total": 1082.3028524221402,
    "clg_energy_consumption_compressor": 963.8431940617596,
    "clg_energy_consumption_supply_fan": 118.4596583603797,
    "clg_energy_consumption_condenser_fan": "tbd",
    "evaporator_coil_load_total": 4480.721239177888,
    "evaporator_coil_load_sensible": 1523.9150333928997,
    "evaporator_coil_load_latent": 2956.806205784987,
    "zone_load_total": 4362.261580817511,
    "zone_load_sensible": 1417.4942510555882,
    "zone_load_latent": 2944.767329761918,
    "feb_mean_cop": 4.03053689737118,
    "feb_max_cop": 4.036183779981206,
    "feb_min_cop": 4.024079281714766,
    "feb_mean_idb": 22.15709491883661,
    "feb_max_idb": 22.158210694132293,
    "feb_min_idb": 22.15490218170537,
    "feb_mean_humidity_ratio": 0.01616166336338155,
    "feb_max_humidity_ratio": 0.016200394016074135,
    "feb_min_humidity_ratio": 0.016042591572878687,
    "applicable": true
  }
}