{
  "CE180": {
    "case_num": "CE180 - Increased Latent Load",
    "applicable": true
  },
  "Cooling Reporting": {
    "clg_energy_consumption_total": 1081.7769652044003,
    "clg_energy_consumption_compressor": 963.428110788478,
    "clg_energy_consumption_supply_fan": 118.34885441592004,
    "clg_energy_consumption_condenser_fan": "tbd",
    "evaporator_coil_load_total": 4480.550133764959,
    "evaporator_coil_load_sensible": 1523.7438746464877,
    "evaporator_coil_load_latent": 2956.80625911847,
    "zone_load_total": 4362.201279349035,
    "zone_load_sensible": 1417.446062127255,
    "zone_load_latent": 2944.75521722178,
    "feb_mean_cop": 4.032440530405269,
    "feb_max_cop": 4.038128532325846,
    "feb_min_cop": 4.025830066748284,
    "feb_mean_idb": 22.2001255318086,
    "feb_max_idb": 22.20013398046889,
    "feb_min_idb": 22.200121430513043,
    "feb_mean_humidity_ratio": 0.016194527634575354,
    "feb_max_humidity_ratio": 0.01623455845290428,
    "feb_min_humidity_ratio": 0.01607443372270904,
    "applicable": true
  }
}