{
  "310": {
    "case_num": "310 - East/West Shading",
    "applicable": true
  },
  "Envelope Reporting": {
    "annual_heating": 4.780555555555556,
    "annual_cooling": 3.7416666666666663,
    "peak_heating_value": 2.9951607501421704,
    "peak_heating_time": "04-JAN-04:15",
    "peak_cooling_value": 3.265787190831259,
    "peak_cooling_time": "26-JUL-17:00",
    "sens_htg_clg_0104": "[\"January 4January 4\", \"HeatingCooling\", 2.86, 2.93, 2.97, 2.99, 3.0, 2.99, 2.99, 2.79, 2.16, 1.83, 1.8, 1.84, 1.85, 1.81, 1.47, 1.21, 1.53, 2.15, 2.46, 2.6, 2.67, 2.71, 2.69, 2.67]",
    "temp_0104": "[\"January 4\", 20.0, 20.0, 20.0, 20.0, 20.0, 20.0, 20.0, 20.0, 20.0, 20.0, 20.0, 20.0, 20.0, 20.0, 20.0, 20.0, 20.0, 20.0, 20.0, 20.0, 20.0, 20.0, 20.0, 20.0]",
    "temp_0727": "[\"July 27\", 20.0, 20.0, 20.0, 20.0, 20.0, 20.0, 20.0, 20.0, 20.0, 20.0, 20.0, 20.0, 20.0, 20.0, 20.0, 20.0, 20.0, 20.0, 20.0, 20.0, 20.0, 20.0, 20.0, 20.0]",
    "temp_bins": "[0, 0, 0, 0, 0, 0, 0, 0, 0, 0, 0, 0, 0, 0, 0, 0, 0, 0, 0, 0, 0, 0, 0, 0, 0, 0, 0, 0, 0, 0, 0, 0, 0, 0, 0, 0, 0, 0, 0, 1360, 7400, 0, 0, 0, 0, 0, 0, 0, 0, 0, 0, 0, 0, 0, 0, 0, 0, 0, 0, 0, 0, 0, 0, 0, 0, 0, 0, 0, 0, 0, 0, 0, 0, 0, 0, 0, 0, 0, 0, 0, 0, 0, 0, 0, 0, 0, 0, 0, 0, 0, 0]",
    "min_temp": 19.999999999999623,
    "min_index_position": 7349,
    "max_temp": 20.000000000000423,
    "max_index_position": 56,
    "avg_temp": 20.0,
    "applicable": true
  }
}