{
  "650": {
    "case_num": "650 - Night Ventilation",
    "applicable": true
  },
  "Envelope Reporting": {
    "annual_heating": 0.0,
    "annual_cooling": 5.788888888888889,
    "peak_heating_value": 0.0,
    "peak_heating_time": "01-JAN-00:15",
    "peak_cooling_value": 6.430735860576309,
    "peak_cooling_time": "17-OCT-13:00",
    "sens_htg_clg_0104": "[\"January 4January 4\", \"HeatingCooling\", 0.0, 0.0, 0.0, 0.0, 0.0, 0.0, 0.0, 0.0, 0.0, 0.0, 0.0, 0.0, -0.01, -1.43, -2.49, -1.8, -0.22, 0.0, 0.0, 0.0, 0.0, 0.0, 0.0, 0.0]",
    "temp_0104": "[\"January 4\", -21.6, -22.7, -23.0, -22.9, -23.0, -23.0, -23.0, -22.1, -18.2, -10.7, 0.5, 12.5, 22.9, 27.0, 27.0, 27.0, 26.5, 22.5, -5.1, -11.2, -14.7, -16.5, -17.3, -17.7]",
    "temp_0727": "[\"July 27\", 22.3, 21.0, 20.2, 19.4, 18.9, 19.3, 21.4, 23.7, 26.3, 27.0, 27.0, 27.0, 27.0, 27.0, 27.0, 27.0, 27.0, 27.0, 28.9, 28.0, 27.0, 25.7, 24.8, 23.9]",
    "temp_bins": "[7, 13, 13, 13, 11, 7, 7, 8, 14, 36, 42, 51, 69, 74, 93, 79, 129, 165, 149, 195, 192, 197, 207, 184, 197, 183, 200, 199, 182, 191, 169, 193, 213, 220, 211, 245, 197, 225, 220, 202, 173, 176, 164, 145, 153, 160, 494, 2039, 22, 7, 6, 2, 0, 0, 0, 0, 0, 0, 0, 0, 0, 0, 0, 0, 0, 0, 0, 0, 0, 0, 0, 0, 0, 0, 0, 0, 0, 0, 0, 0, 0, 0, 0, 0, 0, 0, 0, 0, 0, 0, 0]",
    "min_temp": -23.039345371718113,
    "min_index_position": 78,
    "max_temp": 31.813805700498428,
    "max_index_position": 4362,
    "avg_temp": 14.480445519140886,
    "applicable": true
  }
}