{
  "215": {
    "case_num": "215 - Exterior Infrared Radiation",
    "applicable": true
  },
  "Envelope Reporting": {
    "annual_heating": 5.947222222222222,
    "annual_cooling": 0.6444444444444445,
    "peak_heating_value": 3.033815561693947,
    "peak_heating_time": "04-JAN-05:15",
    "peak_cooling_value": 1.0740966835644943,
    "peak_cooling_time": "26-JUL-15:30",
    "sens_htg_clg_0104": "[\"January 4January 4\", \"HeatingCooling\", 2.83, 2.91, 2.93, 2.94, 3.02, 3.03, 3.02, 2.97, 2.75, 2.57, 2.33, 2.15, 2.08, 1.99, 1.91, 1.94, 2.2, 2.42, 2.56, 2.61, 2.66, 2.75, 2.74, 2.66]",
    "temp_0104": "[\"January 4\", 20.0, 20.0, 20.0, 20.0, 20.0, 20.0, 20.0, 20.0, 20.0, 20.0, 20.0, 20.0, 20.0, 20.0, 20.0, 20.0, 20.0, 20.0, 20.0, 20.0, 20.0, 20.0, 20.0, 20.0]",
    "temp_0727": "[\"July 27\", 20.0, 20.0, 20.0, 20.0, 20.0, 20.0, 20.0, 20.0, 20.0, 20.0, 20.0, 20.0, 20.0, 20.0, 20.0, 20.0, 20.0, 20.0, 20.0, 20.0, 20.0, 20.0, 20.0, 20.0]",
    "temp_bins": "[0, 0, 0, 0, 0, 0, 0, 0, 0, 0, 0, 0, 0, 0, 0, 0, 0, 0, 0, 0, 0, 0, 0, 0, 0, 0, 0, 0, 0, 0, 0, 0, 0, 0, 0, 0, 0, 0, 0, 360, 8400, 0, 0, 0, 0, 0, 0, 0, 0, 0, 0, 0, 0, 0, 0, 0, 0, 0, 0, 0, 0, 0, 0, 0, 0, 0, 0, 0, 0, 0, 0, 0, 0, 0, 0, 0, 0, 0, 0, 0, 0, 0, 0, 0, 0, 0, 0, 0, 0, 0, 0]",
    "min_temp": 19.999999999999993,
    "min_index_position": 169,
    "max_temp": 20.000000000000007,
    "max_index_position": 8189,
    "avg_temp": 20.0,
    "applicable": true
  }
}