{
  "290": {
    "case_num": "290 - South Shading",
    "applicable": true
  },
  "Envelope Reporting": {
    "annual_heating": 4.486111111111111,
    "annual_cooling": 6.394444444444444,
    "peak_heating_value": 3.0130430864119715,
    "peak_heating_time": "04-JAN-05:00",
    "peak_cooling_value": 6.708365831139526,
    "peak_cooling_time": "23-DEC-12:45",
    "sens_htg_clg_0104": "[\"January 4January 4\", \"HeatingCooling\", 2.86, 2.94, 2.98, 3.0, 3.01, 3.01, 3.01, 2.71, 1.47, 0.010000000000000009, -2.25, -4.03, -4.77, -4.73, -3.99, -2.5, -0.4, 1.08, 1.88, 2.3, 2.53, 2.65, 2.67, 2.66]",
    "temp_0104": "[\"January 4\", 20.0, 20.0, 20.0, 20.0, 20.0, 20.0, 20.0, 20.0, 20.0, 20.0, 20.0, 20.0, 20.0, 20.0, 20.0, 20.0, 20.0, 20.0, 20.0, 20.0, 20.0, 20.0, 20.0, 20.0]",
    "temp_0727": "[\"July 27\", 20.0, 20.0, 20.0, 20.0, 20.0, 20.0, 20.0, 20.0, 20.0, 20.0, 20.0, 20.0, 20.0, 20.0, 20.0, 20.0, 20.0, 20.0, 20.0, 20.0, 20.0, 20.0, 20.0, 20.0]",
    "temp_bins": "[0, 0, 0, 0, 0, 0, 0, 0, 0, 0, 0, 0, 0, 0, 0, 0, 0, 0, 0, 0, 0, 0, 0, 0, 0, 0, 0, 0, 0, 0, 0, 0, 0, 0, 0, 0, 0, 0, 0, 1446, 7314, 0, 0, 0, 0, 0, 0, 0, 0, 0, 0, 0, 0, 0, 0, 0, 0, 0, 0, 0, 0, 0, 0, 0, 0, 0, 0, 0, 0, 0, 0, 0, 0, 0, 0, 0, 0, 0, 0, 0, 0, 0, 0, 0, 0, 0, 0, 0, 0, 0, 0]",
    "min_temp": 19.999999999999538,
    "min_index_position": 8484,
    "max_temp": 20.000000000000586,
    "max_index_position": 8652,
    "avg_temp": 20.000000000000004,
    "applicable": true
  }
}