{
  "290": {
    "case_num": "290 - South Shading",
    "applicable": true
  },
  "Envelope Reporting": {
    "sens_htg_clg_0104": "[\"January 4January 4\", \"HeatingCooling\", 2.86, 2.94, 2.98, 3.0, 3.01, 3.01, 3.01, 2.71, 1.47, 0.010000000000000009, -2.26, -4.04, -4.78, -4.73, -3.99, -2.5, -0.39, 1.09, 1.89, 2.31, 2.53, 2.65, 2.67, 2.66]",
    "temp_0104": "[\"January 4\", 20.0, 20.0, 20.0, 20.0, 20.0, 20.0, 20.0, 20.0, 20.0, 20.0, 20.0, 20.0, 20.0, 20.0, 20.0, 20.0, 20.0, 20.0, 20.0, 20.0, 20.0, 20.0, 20.0, 20.0]",
    "temp_0727": "[\"July 27\", 20.0, 20.0, 20.0, 20.0, 20.0, 20.0, 20.0, 20.0, 20.0, 20.0, 20.0, 20.0, 20.0, 20.0, 20.0, 20.0, 20.0, 20.0, 20.0, 20.0, 20.0, 20.0, 20.0, 20.0]",
    "temp_bins": "[0, 0, 0, 0, 0, 0, 0, 0, 0, 0, 0, 0, 0, 0, 0, 0, 0, 0, 0, 0, 0, 0, 0, 0, 0, 0, 0, 0, 0, 0, 0, 0, 0, 0, 0, 0, 0, 0, 0, 419, 8341, 0, 0, 0, 0, 0, 0, 0, 0, 0, 0, 0, 0, 0, 0, 0, 0, 0, 0, 0, 0, 0, 0, 0, 0, 0, 0, 0, 0, 0, 0, 0, 0, 0, 0, 0, 0, 0, 0, 0, 0, 0, 0, 0, 0, 0, 0, 0, 0, 0, 0]",
    "min_temp": 19.999999999999993,
    "min_index_position": 585,
    "max_temp": 20.000000000000007,
    "max_index_position": 8551,
    "avg_temp": 20.0,
    "annual_heating": 4.491666666666667,
    "annual_cooling": 6.3999999999999995,
    "peak_heating_value": 3.014834051236641,
    "peak_heating_time": "04-JAN-05:00",
    "peak_cooling_value": 6.713599100265582,
    "peak_cooling_time": "23-DEC-12:45",
    "applicable": true
  }
}