{
  "CE150": {
    "case_num": "CE150 - Latent Load at High Sensible Heat Ratio",
    "applicable": true
  },
  "Cooling Reporting": {
    "clg_energy_consumption_total": 1197.6008389503695,
    "clg_energy_consumption_compressor": 1057.2539252872427,
    "clg_energy_consumption_supply_fan": 140.34691366312498,
    "clg_energy_consumption_condenser_fan": "tbd",
    "evaporator_coil_load_total": 4508.271058139618,
    "evaporator_coil_load_sensible": 3769.070489732537,
    "evaporator_coil_load_latent": 739.2005684070796,
    "zone_load_total": 4367.92414447649,
    "zone_load_sensible": 3635.070817604949,
    "zone_load_latent": 732.853326871547,
    "feb_mean_cop": 3.647228694583023,
    "feb_max_cop": 3.6516870098697076,
    "feb_min_cop": 3.6419403914699693,
    "feb_mean_idb": 22.177289386169548,
    "feb_max_idb": 22.178132618094544,
    "feb_min_idb": 22.176113198579035,
    "feb_mean_humidity_ratio": 0.008395899573192403,
    "feb_max_humidity_ratio": 0.008416206660149994,
    "feb_min_humidity_ratio": 0.008324239807551495,
    "applicable": true
  }
}