{
  "CE150": {
    "case_num": "CE150 - Latent Load at High Sensible Heat Ratio",
    "applicable": true
  },
  "Cooling Reporting": {
    "clg_energy_consumption_total": 1197.6011711830588,
    "clg_energy_consumption_compressor": 1057.254207577943,
    "clg_energy_consumption_supply_fan": 140.34696360511498,
    "clg_energy_consumption_condenser_fan": "tbd",
    "evaporator_coil_load_total": 4508.271862014743,
    "evaporator_coil_load_sensible": 3769.0712934856374,
    "evaporator_coil_load_latent": 739.2005685291095,
    "zone_load_total": 4367.924898409636,
    "zone_load_sensible": 3635.0715699753987,
    "zone_load_latent": 732.8533284342309,
    "feb_mean_cop": 3.647228312322666,
    "feb_max_cop": 3.651686629682348,
    "feb_min_cop": 3.6419410163437407,
    "feb_mean_idb": 22.177279214985088,
    "feb_max_idb": 22.17812230478051,
    "feb_min_idb": 22.176092213478412,
    "feb_mean_humidity_ratio": 0.008395895465402906,
    "feb_max_humidity_ratio": 0.008416198293821706,
    "feb_min_humidity_ratio": 0.008324236696194164,
    "applicable": true
  }
}