{
  "CE150": {
    "case_num": "CE150 - Latent Load at High Sensible Heat Ratio",
    "applicable": true
  },
  "Cooling Reporting": {
    "clg_energy_consumption_total": 1197.6008389503688,
    "clg_energy_consumption_compressor": 1057.2539252872425,
    "clg_energy_consumption_supply_fan": 140.3469136631251,
    "clg_energy_consumption_condenser_fan": "tbd",
    "evaporator_coil_load_total": 4508.2710581396195,
    "evaporator_coil_load_sensible": 3769.070489732542,
    "evaporator_coil_load_latent": 739.2005684070803,
    "zone_load_total": 4367.9241444764875,
    "zone_load_sensible": 3635.0708176049493,
    "zone_load_latent": 732.8533268715469,
    "feb_mean_cop": 3.6472286945830237,
    "feb_max_cop": 3.6516870098696987,
    "feb_min_cop": 3.6419403914699604,
    "feb_mean_idb": 22.17728938616955,
    "feb_max_idb": 22.178132618094182,
    "feb_min_idb": 22.17611319857896,
    "feb_mean_humidity_ratio": 0.008395899573192398,
    "feb_max_humidity_ratio": 0.008416206660150036,
    "feb_min_humidity_ratio": 0.008324239807551497,
    "applicable": true
  }
}