{
  "CE150": {
    "case_num": "CE150 - Latent Load at High Sensible Heat Ratio",
    "applicable": true
  },
  "Cooling Reporting": {
    "clg_energy_consumption_total": 1197.327065419282,
    "clg_energy_consumption_compressor": 1057.0299830537658,
    "clg_energy_consumption_supply_fan": 140.29708236551537,
    "clg_energy_consumption_condenser_fan": "tbd",
    "evaporator_coil_load_total": 4508.2191129730945,
    "evaporator_coil_load_sensible": 3769.018540403772,
    "evaporator_coil_load_latent": 739.2005725693182,
    "zone_load_total": 4367.922030607574,
    "zone_load_sensible": 3635.071573319538,
    "zone_load_latent": 732.8504572880383,
    "feb_mean_cop": 3.648060882243572,
    "feb_max_cop": 3.6525171822891402,
    "feb_min_cop": 3.6427821000053475,
    "feb_mean_idb": 22.177278549383818,
    "feb_max_idb": 22.17812259300874,
    "feb_min_idb": 22.1760924502714,
    "feb_mean_humidity_ratio": 0.00839355106076731,
    "feb_max_humidity_ratio": 0.008413829022753982,
    "feb_min_humidity_ratio": 0.00832190014874286,
    "applicable": true
  }
}