{
  "CE110": {
    "case_num": "CE110 - Reduced Outdoor Dry-Bulb Temperature",
    "applicable": true
  },
  "Cooling Reporting": {
    "clg_energy_consumption_total": 1069.3101770360074,
    "clg_energy_consumption_compressor": 941.7206190650464,
    "clg_energy_consumption_supply_fan": 127.5895579709614,
    "clg_energy_consumption_condenser_fan": "tbd",
    "evaporator_coil_load_total": 3762.6347286205246,
    "evaporator_coil_load_sensible": 3762.6347286205246,
    "evaporator_coil_load_latent": 2.112301444867626e-13,
    "zone_load_total": 3635.0451706495714,
    "zone_load_sensible": 3635.0451706495714,
    "zone_load_latent": 2.014530764427036e-13,
    "feb_mean_cop": 3.3994300706325054,
    "feb_max_cop": 3.402223399463001,
    "feb_min_cop": 3.393556665525007,
    "feb_mean_idb": 22.20003194080379,
    "feb_max_idb": 22.200034064093483,
    "feb_min_idb": 22.200030700341657,
    "feb_mean_humidity_ratio": 0.006561477362307507,
    "feb_max_humidity_ratio": 0.006561477362307734,
    "feb_min_humidity_ratio": 0.0065614773623074735,
    "applicable": true
  }
}