{
  "CE110": {
    "case_num": "CE110 - Reduced Outdoor Dry-Bulb Temperature",
    "applicable": true
  },
  "Cooling Reporting": {
    "clg_energy_consumption_total": 1069.3100603997154,
    "clg_energy_consumption_compressor": 941.720516344781,
    "clg_energy_consumption_supply_fan": 127.58954405493228,
    "clg_energy_consumption_condenser_fan": "tbd",
    "evaporator_coil_load_total": 3762.634222873342,
    "evaporator_coil_load_sensible": 3762.634222873341,
    "evaporator_coil_load_latent": 2.091837814077735e-13,
    "zone_load_total": 3635.044678818408,
    "zone_load_sensible": 3635.0446788184076,
    "zone_load_latent": 1.950866135302931e-13,
    "feb_mean_cop": 3.399429981477593,
    "feb_max_cop": 3.402223146328047,
    "feb_min_cop": 3.3935574914437634,
    "feb_mean_idb": 22.20003195513278,
    "feb_max_idb": 22.20003404032387,
    "feb_min_idb": 22.200030715025804,
    "feb_mean_humidity_ratio": 0.006561477362522182,
    "feb_max_humidity_ratio": 0.00656147736252225,
    "feb_min_humidity_ratio": 0.006561477362522026,
    "applicable": true
  }
}