{
  "CE110": {
    "case_num": "CE110 - Reduced Outdoor Dry-Bulb Temperature",
    "applicable": true
  },
  "Cooling Reporting": {
    "clg_energy_consumption_total": 1069.3101770360088,
    "clg_energy_consumption_compressor": 941.7206190650465,
    "clg_energy_consumption_supply_fan": 127.58955797096142,
    "clg_energy_consumption_condenser_fan": "tbd",
    "evaporator_coil_load_total": 3762.6347286205264,
    "evaporator_coil_load_sensible": 3762.6347286205264,
    "evaporator_coil_load_latent": 1.9895196601282805e-13,
    "zone_load_total": 3635.04517064957,
    "zone_load_sensible": 3635.04517064957,
    "zone_load_latent": 2.1509549696929754e-13,
    "feb_mean_cop": 3.3994300706324996,
    "feb_max_cop": 3.402223399463003,
    "feb_min_cop": 3.393556665525012,
    "feb_mean_idb": 22.200031940803804,
    "feb_max_idb": 22.200034064093323,
    "feb_min_idb": 22.200030700341323,
    "feb_mean_humidity_ratio": 0.006561477362307498,
    "feb_max_humidity_ratio": 0.006561477362307699,
    "feb_min_humidity_ratio": 0.00656147736230746,
    "applicable": true
  }
}