{
  "CE110": {
    "case_num": "CE110 - Reduced Outdoor Dry-Bulb Temperature",
    "applicable": true
  },
  "Cooling Reporting": {
    "clg_energy_consumption_total": 1068.968815568234,
    "clg_energy_consumption_compressor": 941.4409584729929,
    "clg_energy_consumption_supply_fan": 127.5278570952421,
    "clg_energy_consumption_condenser_fan": "tbd",
    "evaporator_coil_load_total": 3762.573419447472,
    "evaporator_coil_load_sensible": 3762.573419447472,
    "evaporator_coil_load_latent": 1.6893864085432142e-13,
    "zone_load_total": 3635.0455623522334,
    "zone_load_sensible": 3635.0455623522334,
    "zone_load_latent": 1.8735590856522323e-13,
    "feb_mean_cop": 3.4005160014138904,
    "feb_max_cop": 3.403306903001478,
    "feb_min_cop": 3.3946539574778374,
    "feb_mean_idb": 22.200032051956768,
    "feb_max_idb": 22.200034192554085,
    "feb_min_idb": 22.20003080959001,
    "feb_mean_humidity_ratio": 0.006557751632338331,
    "feb_max_humidity_ratio": 0.006557751632338384,
    "feb_min_humidity_ratio": 0.006557751632338127,
    "applicable": true
  }
}