{
  "CE110": {
    "case_num": "CE110 - Reduced Outdoor Dry-Bulb Temperature",
    "applicable": true
  },
  "Cooling Reporting": {
    "clg_energy_consumption_total": 1070.0762536325656,
    "clg_energy_consumption_compressor": 942.3490791746221,
    "clg_energy_consumption_supply_fan": 127.72717445794268,
    "clg_energy_consumption_condenser_fan": "tbd",
    "evaporator_coil_load_total": 3762.7733425253887,
    "evaporator_coil_load_sensible": 3762.7733425253887,
    "evaporator_coil_load_latent": 2.546585164964199e-14,
    "zone_load_total": 3635.0461680674484,
    "zone_load_sensible": 3635.0461680674484,
    "zone_load_latent": 3.913100954378024e-13,
    "feb_mean_cop": 3.3969973221325422,
    "feb_max_cop": 3.3997840947936275,
    "feb_min_cop": 3.3911429795917094,
    "feb_mean_idb": 22.200031696068493,
    "feb_max_idb": 22.20003381821663,
    "feb_min_idb": 22.200030460595357,
    "feb_mean_humidity_ratio": 0.006505547559717636,
    "feb_max_humidity_ratio": 0.006505547559717717,
    "feb_min_humidity_ratio": 0.00650554755971757,
    "applicable": true
  }
}