{
  "CE190": {
    "case_num": "CE190 - Low Part-Load Ratio at Low Sensible Heat Ratio",
    "applicable": true
  },
  "Cooling Reporting": {
    "clg_energy_consumption_total": 164.1469497230471,
    "clg_energy_consumption_compressor": 146.13667880326622,
    "clg_energy_consumption_supply_fan": 18.01027091978117,
    "clg_energy_consumption_condenser_fan": "tbd",
    "evaporator_coil_load_total": 573.7585687944203,
    "evaporator_coil_load_sensible": 204.15371960615124,
    "evaporator_coil_load_latent": 369.6048491882692,
    "zone_load_total": 555.7482978746393,
    "zone_load_sensible": 187.6909174138137,
    "zone_load_latent": 368.0573804608258,
    "feb_mean_cop": 3.385675450030061,
    "feb_max_cop": 3.396071197716904,
    "feb_min_cop": 3.375437522152183,
    "feb_mean_idb": 22.19471972465415,
    "feb_max_idb": 22.194825381698248,
    "feb_min_idb": 22.19458096966976,
    "feb_mean_humidity_ratio": 0.015868527671117134,
    "feb_max_humidity_ratio": 0.016105281544402442,
    "feb_min_humidity_ratio": 0.015709162169223786,
    "applicable": true
  }
}