{
  "CE190": {
    "case_num": "CE190 - Low Part-Load Ratio at Low Sensible Heat Ratio",
    "applicable": true
  },
  "Cooling Reporting": {
    "clg_energy_consumption_total": 164.14689919267983,
    "clg_energy_consumption_compressor": 146.13663401731833,
    "clg_energy_consumption_supply_fan": 18.01026517536166,
    "clg_energy_consumption_condenser_fan": "tbd",
    "evaporator_coil_load_total": 573.7583962160111,
    "evaporator_coil_load_sensible": 204.153548672832,
    "evaporator_coil_load_latent": 369.60484754317923,
    "zone_load_total": 555.7481310406489,
    "zone_load_sensible": 187.69075135058486,
    "zone_load_latent": 368.05737969006486,
    "feb_mean_cop": 3.3856754758936844,
    "feb_max_cop": 3.3960647404575077,
    "feb_min_cop": 3.3754397727208314,
    "feb_mean_idb": 22.194717344157937,
    "feb_max_idb": 22.194822961756547,
    "feb_min_idb": 22.194576630160107,
    "feb_mean_humidity_ratio": 0.015868529889026366,
    "feb_max_humidity_ratio": 0.01610527998343486,
    "feb_min_humidity_ratio": 0.015709191923157086,
    "applicable": true
  }
}