{
  "CE190": {
    "case_num": "CE190 - Low Part-Load Ratio at Low Sensible Heat Ratio",
    "applicable": true
  },
  "Cooling Reporting": {
    "clg_energy_consumption_total": 164.14694972304733,
    "clg_energy_consumption_compressor": 146.1366788032661,
    "clg_energy_consumption_supply_fan": 18.0102709197812,
    "clg_energy_consumption_condenser_fan": "tbd",
    "evaporator_coil_load_total": 573.758568794421,
    "evaporator_coil_load_sensible": 204.15371960615104,
    "evaporator_coil_load_latent": 369.6048491882697,
    "zone_load_total": 555.7482978746391,
    "zone_load_sensible": 187.6909174138133,
    "zone_load_latent": 368.05738046082655,
    "feb_mean_cop": 3.3856754500300554,
    "feb_max_cop": 3.396071197716899,
    "feb_min_cop": 3.375437522152184,
    "feb_mean_idb": 22.194719724654146,
    "feb_max_idb": 22.19482538169829,
    "feb_min_idb": 22.19458096966971,
    "feb_mean_humidity_ratio": 0.015868527671117138,
    "feb_max_humidity_ratio": 0.01610528154440247,
    "feb_min_humidity_ratio": 0.015709162169223856,
    "applicable": true
  }
}