{
  "CE190": {
    "case_num": "CE190 - Low Part-Load Ratio at Low Sensible Heat Ratio",
    "applicable": true
  },
  "Cooling Reporting": {
    "clg_energy_consumption_total": 164.12824723215584,
    "clg_energy_consumption_compressor": 146.12129886866916,
    "clg_energy_consumption_supply_fan": 18.006948363486696,
    "clg_energy_consumption_condenser_fan": "tbd",
    "evaporator_coil_load_total": 573.7501152854177,
    "evaporator_coil_load_sensible": 204.14516490712305,
    "evaporator_coil_load_latent": 369.6049503782946,
    "zone_load_total": 555.7431669219305,
    "zone_load_sensible": 187.68592031435483,
    "zone_load_latent": 368.05724660757676,
    "feb_mean_cop": 3.3860299874880395,
    "feb_max_cop": 3.3964165787713654,
    "feb_min_cop": 3.3757774006284738,
    "feb_mean_idb": 22.200254305077504,
    "feb_max_idb": 22.200269048808064,
    "feb_min_idb": 22.200243748409594,
    "feb_mean_humidity_ratio": 0.015872618399775766,
    "feb_max_humidity_ratio": 0.01610916140719279,
    "feb_min_humidity_ratio": 0.01571323962092569,
    "applicable": true
  }
}