{
  "CE190": {
    "case_num": "CE190 - Low Part-Load Ratio at Low Sensible Heat Ratio",
    "applicable": true
  },
  "Cooling Reporting": {
    "clg_energy_consumption_total": 164.14361425290681,
    "clg_energy_consumption_compressor": 146.13396407789193,
    "clg_energy_consumption_supply_fan": 18.009650175014837,
    "clg_energy_consumption_condenser_fan": "tbd",
    "evaporator_coil_load_total": 573.7583673290793,
    "evaporator_coil_load_sensible": 204.1534433840916,
    "evaporator_coil_load_latent": 369.6049239449875,
    "zone_load_total": 555.7487171540647,
    "zone_load_sensible": 187.69132048535232,
    "zone_load_latent": 368.0573966687123,
    "feb_mean_cop": 3.3857468027832396,
    "feb_max_cop": 3.3961032000999865,
    "feb_min_cop": 3.3755262201607596,
    "feb_mean_idb": 22.194719355960046,
    "feb_max_idb": 22.194825142917743,
    "feb_min_idb": 22.194579112089805,
    "feb_mean_humidity_ratio": 0.015868533923814772,
    "feb_max_humidity_ratio": 0.016104765648720255,
    "feb_min_humidity_ratio": 0.015709106998311625,
    "applicable": true
  }
}