{
  "420": {
    "case_num": "420 - Internal Gains",
    "applicable": true
  },
  "Envelope Reporting": {
    "annual_heating": 7.6499999999999995,
    "annual_cooling": 0.06666666666666667,
    "peak_heating_value": 3.9697249770052574,
    "peak_heating_time": "04-JAN-05:15",
    "peak_cooling_value": 0.6313666181744314,
    "peak_cooling_time": "27-JUL-15:45",
    "sens_htg_clg_0104": "[\"January 4January 4\", \"HeatingCooling\", 3.79, 3.9, 3.95, 3.94, 3.97, 3.97, 3.96, 3.94, 3.8, 3.6, 3.29, 3.06, 2.94, 2.78, 2.67, 2.76, 3.0, 3.28, 3.47, 3.53, 3.56, 3.6, 3.56, 3.51]",
    "temp_0104": "[\"January 4\", 20.0, 20.0, 20.0, 20.0, 20.0, 20.0, 20.0, 20.0, 20.0, 20.0, 20.0, 20.0, 20.0, 20.0, 20.0, 20.0, 20.0, 20.0, 20.0, 20.0, 20.0, 20.0, 20.0, 20.0]",
    "temp_0727": "[\"July 27\", 25.7, 24.8, 24.0, 23.2, 22.5, 22.0, 22.0, 22.7, 23.7, 24.9, 26.1, 26.9, 27.0, 27.0, 27.0, 27.0, 27.0, 27.0, 27.0, 27.0, 27.0, 27.0, 26.8, 26.4]",
    "temp_bins": "[0, 0, 0, 0, 0, 0, 0, 0, 0, 0, 0, 0, 0, 0, 0, 0, 0, 0, 0, 0, 0, 0, 0, 0, 0, 0, 0, 0, 0, 0, 0, 0, 0, 0, 0, 0, 0, 0, 0, 1869, 4938, 401, 346, 272, 243, 220, 333, 138, 0, 0, 0, 0, 0, 0, 0, 0, 0, 0, 0, 0, 0, 0, 0, 0, 0, 0, 0, 0, 0, 0, 0, 0, 0, 0, 0, 0, 0, 0, 0, 0, 0, 0, 0, 0, 0, 0, 0, 0, 0, 0, 0]",
    "min_temp": 19.999999999999638,
    "min_index_position": 467,
    "max_temp": 27.000000000000057,
    "max_index_position": 4384,
    "avg_temp": 20.926933495970843,
    "applicable": true
  }
}