{
  "420": {
    "case_num": "420 - Internal Gains",
    "applicable": true
  },
  "Envelope Reporting": {
    "sens_htg_clg_0104": "[\"January 4January 4\", \"HeatingCooling\", 3.79, 3.91, 3.95, 3.95, 3.97, 3.97, 3.97, 3.95, 3.8, 3.6, 3.29, 3.06, 2.94, 2.78, 2.68, 2.76, 3.01, 3.28, 3.47, 3.53, 3.57, 3.6, 3.56, 3.51]",
    "temp_0104": "[\"January 4\", 20.0, 20.0, 20.0, 20.0, 20.0, 20.0, 20.0, 20.0, 20.0, 20.0, 20.0, 20.0, 20.0, 20.0, 20.0, 20.0, 20.0, 20.0, 20.0, 20.0, 20.0, 20.0, 20.0, 20.0]",
    "temp_0727": "[\"July 27\", 25.7, 24.8, 24.0, 23.2, 22.5, 22.0, 22.0, 22.7, 23.7, 24.9, 26.1, 26.9, 27.0, 27.0, 27.0, 27.0, 27.0, 27.0, 27.0, 27.0, 27.0, 27.0, 26.8, 26.4]",
    "temp_bins": "[0, 0, 0, 0, 0, 0, 0, 0, 0, 0, 0, 0, 0, 0, 0, 0, 0, 0, 0, 0, 0, 0, 0, 0, 0, 0, 0, 0, 0, 0, 0, 0, 0, 0, 0, 0, 0, 0, 0, 300, 6506, 403, 346, 274, 240, 221, 313, 157, 0, 0, 0, 0, 0, 0, 0, 0, 0, 0, 0, 0, 0, 0, 0, 0, 0, 0, 0, 0, 0, 0, 0, 0, 0, 0, 0, 0, 0, 0, 0, 0, 0, 0, 0, 0, 0, 0, 0, 0, 0, 0, 0]",
    "min_temp": 19.999999999999993,
    "min_index_position": 769,
    "max_temp": 27.000000000000007,
    "max_index_position": 4936,
    "avg_temp": 20.926692712328116,
    "annual_heating": 7.655555555555556,
    "annual_cooling": 0.06666666666666667,
    "peak_heating_value": 3.973050129371009,
    "peak_heating_time": "04-JAN-05:15",
    "peak_cooling_value": 0.6318274497167701,
    "peak_cooling_time": "27-JUL-15:45",
    "applicable": true
  }
}