{
  "400": {
    "case_num": "400 - Opaque Windows with Deadband",
    "applicable": true
  },
  "Envelope Reporting": {
    "annual_heating": 7.027777777777778,
    "annual_cooling": 0.005555555555555556,
    "peak_heating_value": 3.246444546320725,
    "peak_heating_time": "04-JAN-05:15",
    "peak_cooling_value": 0.25495368549479863,
    "peak_cooling_time": "27-JUL-17:15",
    "sens_htg_clg_0104": "[\"January 4January 4\", \"HeatingCooling\", 0.0, 0.0, 0.0, 0.0, 0.0, 0.0, 0.0, 0.0, 0.0, 0.0, 0.0, 0.0, 0.0, 0.0, 0.0, 0.0, 0.0, 0.0, 0.0, 0.0, 0.0, 0.0, 0.0, 0.0]",
    "temp_0104": "[\"January 4\", 0.0, 0.0, 0.0, 0.0, 0.0, 0.0, 0.0, 0.0, 0.0, 0.0, 0.0, 0.0, 0.0, 0.0, 0.0, 0.0, 0.0, 0.0, 0.0, 0.0, 0.0, 0.0, 0.0, 0.0]",
    "temp_0727": "[\"July 27\", 0.0, 0.0, 0.0, 0.0, 0.0, 0.0, 0.0, 0.0, 0.0, 0.0, 0.0, 0.0, 0.0, 0.0, 0.0, 0.0, 0.0, 0.0, 0.0, 0.0, 0.0, 0.0, 0.0, 0.0]",
    "temp_bins": "[0, 0, 0, 0, 0, 0, 0, 0, 0, 0, 0, 0, 0, 0, 0, 0, 0, 0, 0, 0, 0, 0, 0, 0, 0, 0, 0, 0, 0, 0, 0, 0, 0, 0, 0, 0, 0, 0, 0, 1125, 6311, 332, 291, 224, 168, 141, 150, 18, 0, 0, 0, 0, 0, 0, 0, 0, 0, 0, 0, 0, 0, 0, 0, 0, 0, 0, 0, 0, 0, 0, 0, 0, 0, 0, 0, 0, 0, 0, 0, 0, 0, 0, 0, 0, 0, 0, 0, 0, 0, 0, 0]",
    "min_temp": 19.99999999999966,
    "min_index_position": 7831,
    "max_temp": 27.000000000000018,
    "max_index_position": 4386,
    "avg_temp": 20.557127838112187,
    "applicable": true
  }
}