{
  "400": {
    "case_num": "400 - Opaque Windows with Deadband",
    "applicable": true
  },
  "Envelope Reporting": {
    "annual_heating": 7.027777777777778,
    "annual_cooling": 0.005555555555555556,
    "peak_heating_value": 3.2464550856354553,
    "peak_heating_time": "04-JAN-05:15",
    "peak_cooling_value": 0.25505442762459957,
    "peak_cooling_time": "27-JUL-17:15",
    "sens_htg_clg_0104": "[\"January 4January 4\", \"HeatingCooling\", 3.08, 3.17, 3.21, 3.22, 3.25, 3.25, 3.24, 3.21, 3.08, 2.93, 2.69, 2.49, 2.4, 2.3, 2.2, 2.25, 2.46, 2.66, 2.82, 2.89, 2.93, 2.96, 2.94, 2.89]",
    "temp_0104": "[\"January 4\", 20.0, 20.0, 20.0, 20.0, 20.0, 20.0, 20.0, 20.0, 20.0, 20.0, 20.0, 20.0, 20.0, 20.0, 20.0, 20.0, 20.0, 20.0, 20.0, 20.0, 20.0, 20.0, 20.0, 20.0]",
    "temp_0727": "[\"July 27\", 25.1, 24.1, 23.3, 22.4, 21.6, 20.9, 20.6, 20.9, 21.6, 22.6, 23.6, 24.6, 25.7, 26.6, 27.0, 27.0, 27.0, 27.0, 27.0, 27.0, 27.0, 26.7, 26.1, 25.6]",
    "temp_bins": "[0, 0, 0, 0, 0, 0, 0, 0, 0, 0, 0, 0, 0, 0, 0, 0, 0, 0, 0, 0, 0, 0, 0, 0, 0, 0, 0, 0, 0, 0, 0, 0, 0, 0, 0, 0, 0, 0, 0, 289, 7146, 333, 292, 224, 167, 141, 143, 25, 0, 0, 0, 0, 0, 0, 0, 0, 0, 0, 0, 0, 0, 0, 0, 0, 0, 0, 0, 0, 0, 0, 0, 0, 0, 0, 0, 0, 0, 0, 0, 0, 0, 0, 0, 0, 0, 0, 0, 0, 0, 0, 0]",
    "min_temp": 19.999999999999993,
    "min_index_position": 391,
    "max_temp": 27.000000000000004,
    "max_index_position": 4987,
    "avg_temp": 20.556905473015092,
    "applicable": true
  }
}