{
  "270": {
    "case_num": "270 - South Solar Gains",
    "applicable": true
  },
  "Envelope Reporting": {
    "annual_heating": 4.4527777777777775,
    "annual_cooling": 8.491666666666665,
    "peak_heating_value": 3.0235356538003813,
    "peak_heating_time": "04-JAN-05:00",
    "peak_cooling_value": 6.850656310968797,
    "peak_cooling_time": "25-NOV-12:45",
    "sens_htg_clg_0104": "[\"January 4January 4\", \"HeatingCooling\", 2.87, 2.95, 3.0, 3.01, 3.02, 3.02, 3.02, 2.72, 1.46, -0.020000000000000018, -2.29, -4.09, -4.84, -4.77, -4.01, -2.5, -0.38, 1.09, 1.89, 2.31, 2.54, 2.65, 2.68, 2.67]",
    "temp_0104": "[\"January 4\", 20.0, 20.0, 20.0, 20.0, 20.0, 20.0, 20.0, 20.0, 20.0, 20.0, 20.0, 20.0, 20.0, 20.0, 20.0, 20.0, 20.0, 20.0, 20.0, 20.0, 20.0, 20.0, 20.0, 20.0]",
    "temp_0727": "[\"July 27\", 20.0, 20.0, 20.0, 20.0, 20.0, 20.0, 20.0, 20.0, 20.0, 20.0, 20.0, 20.0, 20.0, 20.0, 20.0, 20.0, 20.0, 20.0, 20.0, 20.0, 20.0, 20.0, 20.0, 20.0]",
    "temp_bins": "[0, 0, 0, 0, 0, 0, 0, 0, 0, 0, 0, 0, 0, 0, 0, 0, 0, 0, 0, 0, 0, 0, 0, 0, 0, 0, 0, 0, 0, 0, 0, 0, 0, 0, 0, 0, 0, 0, 0, 1479, 7281, 0, 0, 0, 0, 0, 0, 0, 0, 0, 0, 0, 0, 0, 0, 0, 0, 0, 0, 0, 0, 0, 0, 0, 0, 0, 0, 0, 0, 0, 0, 0, 0, 0, 0, 0, 0, 0, 0, 0, 0, 0, 0, 0, 0, 0, 0, 0, 0, 0, 0]",
    "min_temp": 19.999999999999577,
    "min_index_position": 1357,
    "max_temp": 20.000000000000597,
    "max_index_position": 6900,
    "avg_temp": 20.0,
    "applicable": true
  }
}