{
  "270": {
    "case_num": "270 - South Solar Gains",
    "applicable": true
  },
  "Envelope Reporting": {
    "annual_heating": 4.455555555555556,
    "annual_cooling": 8.497222222222222,
    "peak_heating_value": 3.025339926390923,
    "peak_heating_time": "04-JAN-05:00",
    "peak_cooling_value": 6.855030012828934,
    "peak_cooling_time": "25-NOV-12:45",
    "sens_htg_clg_0104": "[\"January 4January 4\", \"HeatingCooling\", 2.87, 2.96, 3.0, 3.01, 3.03, 3.02, 3.02, 2.72, 1.46, -0.020000000000000018, -2.3, -4.1, -4.85, -4.77, -4.01, -2.5, -0.38, 1.1, 1.9, 2.32, 2.54, 2.66, 2.68, 2.67]",
    "temp_0104": "[\"January 4\", 20.0, 20.0, 20.0, 20.0, 20.0, 20.0, 20.0, 20.0, 20.0, 20.0, 20.0, 20.0, 20.0, 20.0, 20.0, 20.0, 20.0, 20.0, 20.0, 20.0, 20.0, 20.0, 20.0, 20.0]",
    "temp_0727": "[\"July 27\", 20.0, 20.0, 20.0, 20.0, 20.0, 20.0, 20.0, 20.0, 20.0, 20.0, 20.0, 20.0, 20.0, 20.0, 20.0, 20.0, 20.0, 20.0, 20.0, 20.0, 20.0, 20.0, 20.0, 20.0]",
    "temp_bins": "[0, 0, 0, 0, 0, 0, 0, 0, 0, 0, 0, 0, 0, 0, 0, 0, 0, 0, 0, 0, 0, 0, 0, 0, 0, 0, 0, 0, 0, 0, 0, 0, 0, 0, 0, 0, 0, 0, 0, 470, 8290, 0, 0, 0, 0, 0, 0, 0, 0, 0, 0, 0, 0, 0, 0, 0, 0, 0, 0, 0, 0, 0, 0, 0, 0, 0, 0, 0, 0, 0, 0, 0, 0, 0, 0, 0, 0, 0, 0, 0, 0, 0, 0, 0, 0, 0, 0, 0, 0, 0, 0]",
    "min_temp": 19.999999999999993,
    "min_index_position": 12,
    "max_temp": 20.000000000000007,
    "max_index_position": 8310,
    "avg_temp": 20.0,
    "applicable": true
  }
}