{
  "430": {
    "case_num": "430 - Exterior Shortwave Absorptance",
    "applicable": true
  },
  "Envelope Reporting": {
    "annual_heating": 6.030555555555556,
    "annual_cooling": 0.65,
    "peak_heating_value": 3.9729732042306267,
    "peak_heating_time": "04-JAN-05:15",
    "peak_cooling_value": 1.7302645944747481,
    "peak_cooling_time": "16-AUG-14:00",
    "sens_htg_clg_0104": "[\"January 4January 4\", \"HeatingCooling\", 3.79, 3.91, 3.95, 3.95, 3.97, 3.97, 3.97, 3.86, 3.27, 2.65, 1.99, 1.6, 1.51, 1.38, 1.4, 1.67, 2.4, 3.04, 3.36, 3.47, 3.54, 3.58, 3.55, 3.5]",
    "temp_0104": "[\"January 4\", 20.0, 20.0, 20.0, 20.0, 20.0, 20.0, 20.0, 20.0, 20.0, 20.0, 20.0, 20.0, 20.0, 20.0, 20.0, 20.0, 20.0, 20.0, 20.0, 20.0, 20.0, 20.0, 20.0, 20.0]",
    "temp_0727": "[\"July 27\", 25.7, 24.8, 24.0, 23.3, 22.6, 22.1, 22.5, 23.9, 25.8, 27.0, 27.0, 27.0, 27.0, 27.0, 27.0, 27.0, 27.0, 27.0, 27.0, 27.0, 27.0, 27.0, 26.9, 26.4]",
    "temp_bins": "[0, 0, 0, 0, 0, 0, 0, 0, 0, 0, 0, 0, 0, 0, 0, 0, 0, 0, 0, 0, 0, 0, 0, 0, 0, 0, 0, 0, 0, 0, 0, 0, 0, 0, 0, 0, 0, 0, 0, 1411, 4062, 441, 408, 367, 338, 324, 971, 438, 0, 0, 0, 0, 0, 0, 0, 0, 0, 0, 0, 0, 0, 0, 0, 0, 0, 0, 0, 0, 0, 0, 0, 0, 0, 0, 0, 0, 0, 0, 0, 0, 0, 0, 0, 0, 0, 0, 0, 0, 0, 0, 0]",
    "min_temp": 19.99999999999963,
    "min_index_position": 484,
    "max_temp": 27.000000000000174,
    "max_index_position": 5775,
    "avg_temp": 21.85427711985012,
    "applicable": true
  }
}