{
  "430": {
    "case_num": "430 - Exterior Shortwave Absorptance",
    "applicable": true
  },
  "Envelope Reporting": {
    "annual_heating": 6.0249999999999995,
    "annual_cooling": 0.65,
    "peak_heating_value": 3.96967179136303,
    "peak_heating_time": "04-JAN-05:15",
    "peak_cooling_value": 1.7294113517835785,
    "peak_cooling_time": "16-AUG-14:00",
    "sens_htg_clg_0104": "[\"January 4January 4\", \"HeatingCooling\", 3.79, 3.9, 3.94, 3.94, 3.97, 3.97, 3.96, 3.86, 3.27, 2.65, 2.0, 1.6, 1.51, 1.38, 1.4, 1.67, 2.4, 3.03, 3.35, 3.47, 3.53, 3.58, 3.55, 3.5]",
    "temp_0104": "[\"January 4\", 20.0, 20.0, 20.0, 20.0, 20.0, 20.0, 20.0, 20.0, 20.0, 20.0, 20.0, 20.0, 20.0, 20.0, 20.0, 20.0, 20.0, 20.0, 20.0, 20.0, 20.0, 20.0, 20.0, 20.0]",
    "temp_0727": "[\"July 27\", 25.7, 24.8, 24.0, 23.3, 22.6, 22.1, 22.5, 23.9, 25.8, 27.0, 27.0, 27.0, 27.0, 27.0, 27.0, 27.0, 27.0, 27.0, 27.0, 27.0, 27.0, 27.0, 26.9, 26.4]",
    "temp_bins": "[0, 0, 0, 0, 0, 0, 0, 0, 0, 0, 0, 0, 0, 0, 0, 0, 0, 0, 0, 0, 0, 0, 0, 0, 0, 0, 0, 0, 0, 0, 0, 0, 0, 0, 0, 0, 0, 0, 0, 1365, 4109, 440, 409, 365, 339, 324, 965, 444, 0, 0, 0, 0, 0, 0, 0, 0, 0, 0, 0, 0, 0, 0, 0, 0, 0, 0, 0, 0, 0, 0, 0, 0, 0, 0, 0, 0, 0, 0, 0, 0, 0, 0, 0, 0, 0, 0, 0, 0, 0, 0, 0]",
    "min_temp": 19.99999999999967,
    "min_index_position": 8714,
    "max_temp": 27.000000000000153,
    "max_index_position": 5390,
    "avg_temp": 21.854145823395903,
    "applicable": true
  }
}