{
  "430": {
    "case_num": "430 - Exterior Shortwave Absorptance",
    "applicable": true
  },
  "Envelope Reporting": {
    "sens_htg_clg_0104": "[\"January 4January 4\", \"HeatingCooling\", 3.79, 3.91, 3.95, 3.95, 3.97, 3.97, 3.97, 3.86, 3.27, 2.65, 1.99, 1.6, 1.51, 1.38, 1.4, 1.67, 2.4, 3.04, 3.36, 3.47, 3.54, 3.58, 3.55, 3.5]",
    "temp_0104": "[\"January 4\", 20.0, 20.0, 20.0, 20.0, 20.0, 20.0, 20.0, 20.0, 20.0, 20.0, 20.0, 20.0, 20.0, 20.0, 20.0, 20.0, 20.0, 20.0, 20.0, 20.0, 20.0, 20.0, 20.0, 20.0]",
    "temp_0727": "[\"July 27\", 25.7, 24.8, 24.0, 23.3, 22.5, 22.1, 22.5, 23.9, 25.8, 27.0, 27.0, 27.0, 27.0, 27.0, 27.0, 27.0, 27.0, 27.0, 27.0, 27.0, 27.0, 27.0, 26.9, 26.4]",
    "temp_bins": "[0, 0, 0, 0, 0, 0, 0, 0, 0, 0, 0, 0, 0, 0, 0, 0, 0, 0, 0, 0, 0, 0, 0, 0, 0, 0, 0, 0, 0, 0, 0, 0, 0, 0, 0, 0, 0, 0, 0, 175, 5292, 441, 406, 370, 340, 322, 828, 586, 0, 0, 0, 0, 0, 0, 0, 0, 0, 0, 0, 0, 0, 0, 0, 0, 0, 0, 0, 0, 0, 0, 0, 0, 0, 0, 0, 0, 0, 0, 0, 0, 0, 0, 0, 0, 0, 0, 0, 0, 0, 0, 0]",
    "min_temp": 19.999999999999993,
    "min_index_position": 76,
    "max_temp": 27.000000000000007,
    "max_index_position": 6087,
    "avg_temp": 21.85807559653146,
    "annual_heating": 6.022222222222222,
    "annual_cooling": 0.6527777777777777,
    "peak_heating_value": 3.9729879841074203,
    "peak_heating_time": "04-JAN-05:15",
    "peak_cooling_value": 1.7308426972104323,
    "peak_cooling_time": "16-AUG-14:00",
    "applicable": true
  }
}