{
  "900": {
    "case_num": "900 - High-Mass Base Case",
    "applicable": true
  },
  "Envelope Reporting": {
    "annual_heating": 1.222222222222222,
    "annual_cooling": 2.5083333333333333,
    "peak_heating_value": 3.171425182746841,
    "peak_heating_time": "04-JAN-07:15",
    "peak_cooling_value": 3.249760908005511,
    "peak_cooling_time": "17-OCT-14:15",
    "sens_htg_clg_0104": "[\"January 4January 4\", \"HeatingCooling\", 2.68, 2.83, 2.9, 2.98, 3.06, 3.11, 3.17, 3.05, 2.44, 1.77, 0.99, 0.28, 0.0, 0.0, 0.0, 0.0, 0.13, 0.62, 0.98, 1.23, 1.45, 1.64, 1.75, 1.85]",
    "temp_0104": "[\"January 4\", 20.0, 20.0, 20.0, 20.0, 20.0, 20.0, 20.0, 20.0, 20.0, 20.0, 20.0, 20.0, 20.7, 22.0, 22.4, 21.9, 20.3, 20.0, 20.0, 20.0, 20.0, 20.0, 20.0, 20.0]",
    "temp_0727": "[\"July 27\", 27.0, 27.0, 27.0, 27.0, 27.0, 27.0, 27.0, 27.0, 27.0, 27.0, 27.0, 27.0, 27.0, 27.0, 27.0, 27.0, 27.0, 27.0, 27.0, 27.0, 27.0, 27.0, 27.0, 27.0]",
    "zone_total_transmitted_solar_radiation": 981.7119271772063,
    "temp_bins": "[0, 0, 0, 0, 0, 0, 0, 0, 0, 0, 0, 0, 0, 0, 0, 0, 0, 0, 0, 0, 0, 0, 0, 0, 0, 0, 0, 0, 0, 0, 0, 0, 0, 0, 0, 0, 0, 0, 0, 344, 1634, 450, 504, 559, 630, 722, 2361, 1556, 0, 0, 0, 0, 0, 0, 0, 0, 0, 0, 0, 0, 0, 0, 0, 0, 0, 0, 0, 0, 0, 0, 0, 0, 0, 0, 0, 0, 0, 0, 0, 0, 0, 0, 0, 0, 0, 0, 0, 0, 0, 0, 0]",
    "min_temp": 19.99999999999968,
    "min_index_position": 865,
    "max_temp": 27.00000000000026,
    "max_index_position": 7045,
    "avg_temp": 24.329453454042834,
    "applicable": true
  }
}