{
  "900": {
    "case_num": "900 - High-Mass Base Case",
    "applicable": true
  },
  "Envelope Reporting": {
    "annual_heating": 1.222222222222222,
    "annual_cooling": 2.511111111111111,
    "peak_heating_value": 3.1743178332246655,
    "peak_heating_time": "04-JAN-07:15",
    "peak_cooling_value": 3.2541507662765468,
    "peak_cooling_time": "17-OCT-14:15",
    "sens_htg_clg_0104": "[\"January 4January 4\", \"HeatingCooling\", 0.0, 0.0, 0.0, 0.0, 0.0, 0.0, 0.0, 0.0, 0.0, 0.0, 0.0, 0.0, 0.0, 0.0, 0.0, 0.0, 0.0, 0.0, 0.0, 0.0, 0.0, 0.0, 0.0, 0.0]",
    "temp_0104": "[\"January 4\", 0.0, 0.0, 0.0, 0.0, 0.0, 0.0, 0.0, 0.0, 0.0, 0.0, 0.0, 0.0, 0.0, 0.0, 0.0, 0.0, 0.0, 0.0, 0.0, 0.0, 0.0, 0.0, 0.0, 0.0]",
    "temp_0727": "[\"July 27\", 0.0, 0.0, 0.0, 0.0, 0.0, 0.0, 0.0, 0.0, 0.0, 0.0, 0.0, 0.0, 0.0, 0.0, 0.0, 0.0, 0.0, 0.0, 0.0, 0.0, 0.0, 0.0, 0.0, 0.0]",
    "zone_total_transmitted_solar_radiation": 981.7119271772063,
    "temp_bins": "[0, 0, 0, 0, 0, 0, 0, 0, 0, 0, 0, 0, 0, 0, 0, 0, 0, 0, 0, 0, 0, 0, 0, 0, 0, 0, 0, 0, 0, 0, 0, 0, 0, 0, 0, 0, 0, 0, 0, 329, 1648, 450, 504, 558, 629, 726, 2356, 1560, 0, 0, 0, 0, 0, 0, 0, 0, 0, 0, 0, 0, 0, 0, 0, 0, 0, 0, 0, 0, 0, 0, 0, 0, 0, 0, 0, 0, 0, 0, 0, 0, 0, 0, 0, 0, 0, 0, 0, 0, 0, 0, 0]",
    "min_temp": 19.999999999999748,
    "min_index_position": 857,
    "max_temp": 27.00000000000038,
    "max_index_position": 6951,
    "avg_temp": 24.32992984820094,
    "applicable": true
  }
}