{
  "900": {
    "case_num": "900 - High-Mass Base Case",
    "applicable": true
  },
  "Envelope Reporting": {
    "zone_total_transmitted_solar_radiation": 981.7119271772063,
    "sens_htg_clg_0104": "[\"January 4January 4\", \"HeatingCooling\", 2.69, 2.83, 2.9, 2.98, 3.06, 3.12, 3.17, 3.06, 2.44, 1.77, 0.99, 0.27, 0.0, 0.0, 0.0, 0.0, 0.12, 0.61, 0.98, 1.22, 1.45, 1.64, 1.75, 1.85]",
    "temp_0104": "[\"January 4\", 20.0, 20.0, 20.0, 20.0, 20.0, 20.0, 20.0, 20.0, 20.0, 20.0, 20.0, 20.0, 20.7, 22.0, 22.5, 21.9, 20.3, 20.0, 20.0, 20.0, 20.0, 20.0, 20.0, 20.0]",
    "temp_0727": "[\"July 27\", 27.0, 27.0, 27.0, 27.0, 27.0, 27.0, 27.0, 27.0, 27.0, 27.0, 27.0, 27.0, 27.0, 27.0, 27.0, 27.0, 27.0, 27.0, 27.0, 27.0, 27.0, 27.0, 27.0, 27.0]",
    "temp_bins": "[0, 0, 0, 0, 0, 0, 0, 0, 0, 0, 0, 0, 0, 0, 0, 0, 0, 0, 0, 0, 0, 0, 0, 0, 0, 0, 0, 0, 0, 0, 0, 0, 0, 0, 0, 0, 0, 0, 0, 61, 1913, 449, 503, 562, 628, 724, 1810, 2110, 0, 0, 0, 0, 0, 0, 0, 0, 0, 0, 0, 0, 0, 0, 0, 0, 0, 0, 0, 0, 0, 0, 0, 0, 0, 0, 0, 0, 0, 0, 0, 0, 0, 0, 0, 0, 0, 0, 0, 0, 0, 0, 0]",
    "min_temp": 19.999999999999993,
    "min_index_position": 932,
    "max_temp": 27.000000000000007,
    "max_index_position": 8560,
    "avg_temp": 24.332573529998292,
    "annual_heating": 1.222222222222222,
    "annual_cooling": 2.5166666666666666,
    "peak_heating_value": 3.173996760128458,
    "peak_heating_time": "04-JAN-07:15",
    "peak_cooling_value": 3.254278585000583,
    "peak_cooling_time": "17-OCT-14:15",
    "applicable": true
  }
}